dataset\data1\001.ak47\001_0001.jpg,4483399934241831936
dataset\data1\001.ak47\001_0002.jpg,18392648006730248192
dataset\data1\001.ak47\001_0003.jpg,9169291242711939072
dataset\data1\001.ak47\001_0004.jpg,15123335124198242304
dataset\data1\001.ak47\001_0005.jpg,217073400165695488
dataset\data1\001.ak47\001_0006.jpg,18364796097701920768
dataset\data1\001.ak47\001_0007.jpg,18334820628597735424
dataset\data1\001.ak47\001_0008.jpg,310692908269791296
dataset\data1\001.ak47\001_0009.jpg,17868030830354415616
dataset\data1\001.ak47\001_0010.jpg,18228592999341815808
dataset\data1\001.ak47\001_0011.jpg,6953414310359891968
dataset\data1\001.ak47\001_0012.jpg,4592470022273597440
dataset\data1\001.ak47\001_0013.jpg,18446742974740852736
dataset\data1\001.ak47\001_0014.jpg,18444456398554646528
dataset\data1\001.ak47\001_0015.jpg,13247214802226454528
dataset\data1\001.ak47\001_0016.jpg,18442218466408398848
dataset\data1\001.ak47\001_0017.jpg,18392665616028923904
dataset\data1\001.ak47\001_0018.jpg,15001408141919989760
dataset\data1\001.ak47\001_0019.jpg,18444456398285764608
dataset\data1\001.ak47\001_0020.jpg,1080872801490049024
dataset\data1\001.ak47\001_0021.jpg,2823571316609613312
dataset\data1\001.ak47\001_0022.jpg,18446739614491738112
dataset\data1\001.ak47\001_0023.jpg,56334577962320128
dataset\data1\001.ak47\001_0024.jpg,18446726410371334144
dataset\data1\001.ak47\001_0025.jpg,18446739087286075392
dataset\data1\001.ak47\001_0026.jpg,18444483439014180864
dataset\data1\001.ak47\001_0027.jpg,4575507099668283392
dataset\data1\001.ak47\001_0028.jpg,17868031175863566336
dataset\data1\001.ak47\001_0029.jpg,18445804900857651200
dataset\data1\001.ak47\001_0030.jpg,18444487845528936448
dataset\data1\001.ak47\001_0031.jpg,18437415624986574848
dataset\data1\001.ak47\001_0032.jpg,1520951167963226368
dataset\data1\001.ak47\001_0033.jpg,16131857854352326656
dataset\data1\001.ak47\001_0034.jpg,17289314549832400896
dataset\data1\001.ak47\001_0035.jpg,17868027101987225600
dataset\data1\001.ak47\001_0036.jpg,18442152133307432960
dataset\data1\001.ak47\001_0037.jpg,17795973827702880256
dataset\data1\001.ak47\001_0038.jpg,8075063155123542016
dataset\data1\001.ak47\001_0039.jpg,18444448151961141248
dataset\data1\001.ak47\001_0040.jpg,5788441534592089088
dataset\data1\001.ak47\001_0041.jpg,1130113269760
dataset\data1\001.ak47\001_0042.jpg,17433699005918474240
dataset\data1\001.ak47\001_0043.jpg,18446708820097499136
dataset\data1\001.ak47\001_0044.jpg,2911828898789460480
dataset\data1\001.ak47\001_0045.jpg,18446585734907607040
dataset\data1\001.ak47\001_0046.jpg,17815977203550844928
dataset\data1\001.ak47\001_0047.jpg,1154061887160187392
dataset\data1\001.ak47\001_0048.jpg,535725199932210944
dataset\data1\001.ak47\001_0049.jpg,18405936799153651712
dataset\data1\001.ak47\001_0050.jpg,18382800179420594176
dataset\data1\001.ak47\001_0051.jpg,72921879301586944
dataset\data1\001.ak47\001_0052.jpg,4482884639180445696
dataset\data1\001.ak47\001_0053.jpg,17286987091069485056
dataset\data1\001.ak47\001_0054.jpg,18446734208201654272
dataset\data1\001.ak47\001_0055.jpg,18426284109027592192
dataset\data1\001.ak47\001_0056.jpg,90067301972573440
dataset\data1\001.ak47\001_0057.jpg,300728520837881408
dataset\data1\001.ak47\001_0058.jpg,1657609523610193664
dataset\data1\001.ak47\001_0059.jpg,1085137978672496384
dataset\data1\001.ak47\001_0060.jpg,17283672581993074688
dataset\data1\001.ak47\001_0061.jpg,6863446025885054976
dataset\data1\001.ak47\001_0062.jpg,18446743652853088256
dataset\data1\001.ak47\001_0063.jpg,2021877875007229696
dataset\data1\001.ak47\001_0064.jpg,13529710481832460288
dataset\data1\001.ak47\001_0065.jpg,2199424854015
dataset\data1\001.ak47\001_0066.jpg,9114968896004063232
dataset\data1\001.ak47\001_0067.jpg,14265403582750142464
dataset\data1\001.ak47\001_0068.jpg,844545593982976
dataset\data1\001.ak47\001_0069.jpg,9277507797921824768
dataset\data1\001.ak47\001_0070.jpg,18446744035067625472
dataset\data1\001.ak47\001_0071.jpg,949742768148709376
dataset\data1\001.ak47\001_0072.jpg,18446743953165262848
dataset\data1\001.ak47\001_0073.jpg,18428694421705064448
dataset\data1\001.ak47\001_0074.jpg,9259550954667016192
dataset\data1\001.ak47\001_0075.jpg,9259543257383616512
dataset\data1\001.ak47\001_0076.jpg,4540017445884921856
dataset\data1\001.ak47\001_0077.jpg,9114799967729582080
dataset\data1\001.ak47\001_0078.jpg,18445055133553496064
dataset\data1\001.ak47\001_0079.jpg,18428623640107155456
dataset\data1\001.ak47\001_0080.jpg,18156740974355595264
dataset\data1\001.ak47\001_0081.jpg,2251570235058364160
dataset\data1\001.ak47\001_0082.jpg,16317404052276660224
dataset\data1\001.ak47\001_0083.jpg,8392148206414385152
dataset\data1\001.ak47\001_0084.jpg,722376974892846848
dataset\data1\001.ak47\001_0085.jpg,17870019172058787840
dataset\data1\001.ak47\001_0086.jpg,18446735002876510208
dataset\data1\001.ak47\001_0087.jpg,2261148297527296
dataset\data1\001.ak47\001_0088.jpg,9151032194816018432
dataset\data1\001.ak47\001_0089.jpg,18444482927023292416
dataset\data1\001.ak47\001_0090.jpg,16206699979707711488
dataset\data1\001.ak47\001_0091.jpg,17884076708055871488
dataset\data1\001.ak47\001_0092.jpg,1945572653725122560
dataset\data1\001.ak47\001_0093.jpg,18369597818656473088
dataset\data1\001.ak47\001_0094.jpg,18408208183550869504
dataset\data1\001.ak47\001_0095.jpg,4523497809010688
dataset\data1\001.ak47\001_0096.jpg,18373309630853914624
dataset\data1\001.ak47\001_0097.jpg,42795191844679544
dataset\data1\001.ak47\001_0098.jpg,18032507424825248
dataset\data1\002.american-flag\002_0001.jpg,12179550338465943552
dataset\data1\002.american-flag\002_0002.jpg,18374262746995884032
dataset\data1\002.american-flag\002_0003.jpg,9080378813050839040
dataset\data1\002.american-flag\002_0004.jpg,16861476107235424256
dataset\data1\002.american-flag\002_0005.jpg,9295166774658478080
dataset\data1\002.american-flag\002_0006.jpg,150245932517878
dataset\data1\002.american-flag\002_0007.jpg,18446742960826548224
dataset\data1\002.american-flag\002_0008.jpg,9350390785019920384
dataset\data1\002.american-flag\002_0009.jpg,10665957900894865408
dataset\data1\002.american-flag\002_0010.jpg,14418303817004382208
dataset\data1\002.american-flag\002_0011.jpg,18446737278096371712
dataset\data1\002.american-flag\002_0012.jpg,9211215266279865344
dataset\data1\002.american-flag\002_0013.jpg,18445048251137130496
dataset\data1\002.american-flag\002_0014.jpg,12644202330490077184
dataset\data1\002.american-flag\002_0015.jpg,18424694096372269056
dataset\data1\002.american-flag\002_0016.jpg,535690413919913728
dataset\data1\002.american-flag\002_0017.jpg,9115000351387496448
dataset\data1\002.american-flag\002_0018.jpg,18433158370557149184
dataset\data1\002.american-flag\002_0019.jpg,1148312281124675328
dataset\data1\002.american-flag\002_0020.jpg,9277692378502856704
dataset\data1\002.american-flag\002_0021.jpg,18402229089172977664
dataset\data1\002.american-flag\002_0022.jpg,17932755411997014016
dataset\data1\002.american-flag\002_0023.jpg,1726655274418176
dataset\data1\002.american-flag\002_0024.jpg,4611685880988712960
dataset\data1\002.american-flag\002_0025.jpg,5827802081441062912
dataset\data1\002.american-flag\002_0026.jpg,1374864809366934272
dataset\data1\002.american-flag\002_0027.jpg,54157719660723832
dataset\data1\002.american-flag\002_0028.jpg,1950554602610728192
dataset\data1\002.american-flag\002_0029.jpg,13879601349032419328
dataset\data1\002.american-flag\002_0030.jpg,2409741699903873024
dataset\data1\002.american-flag\002_0031.jpg,150883918727112640
dataset\data1\002.american-flag\002_0032.jpg,18446733201283502080
dataset\data1\002.american-flag\002_0033.jpg,2438661333518355456
dataset\data1\002.american-flag\002_0034.jpg,1438154955961042688
dataset\data1\002.american-flag\002_0035.jpg,18446604992359022592
dataset\data1\002.american-flag\002_0036.jpg,18445564915163983872
dataset\data1\002.american-flag\002_0037.jpg,127862922915730880
dataset\data1\002.american-flag\002_0038.jpg,9312408643489120256
dataset\data1\002.american-flag\002_0039.jpg,72340638071324928
dataset\data1\002.american-flag\002_0040.jpg,36179184307202048
dataset\data1\002.american-flag\002_0041.jpg,541549055460763648
dataset\data1\002.american-flag\002_0042.jpg,3395463738425343
dataset\data1\002.american-flag\002_0043.jpg,18375039422652547072
dataset\data1\002.american-flag\002_0044.jpg,9693300042508994560
dataset\data1\002.american-flag\002_0045.jpg,9205220800449344512
dataset\data1\002.american-flag\002_0046.jpg,184547327
dataset\data1\002.american-flag\002_0047.jpg,4846791391739641856
dataset\data1\002.american-flag\002_0048.jpg,255
dataset\data1\002.american-flag\002_0049.jpg,7213678139172198400
dataset\data1\002.american-flag\002_0050.jpg,11286027323591624704
dataset\data1\002.american-flag\002_0051.jpg,1119452762279468800
dataset\data1\002.american-flag\002_0052.jpg,8625435501090045952
dataset\data1\002.american-flag\002_0053.jpg,40514873054337408
dataset\data1\002.american-flag\002_0054.jpg,5181390821537671168
dataset\data1\002.american-flag\002_0055.jpg,17737116691811350528
dataset\data1\002.american-flag\002_0056.jpg,4616198432107034624
dataset\data1\002.american-flag\002_0057.jpg,18446462598732972032
dataset\data1\002.american-flag\002_0058.jpg,17906370579971411968
dataset\data1\002.american-flag\002_0059.jpg,362831240124809728
dataset\data1\002.american-flag\002_0060.jpg,18433100798771849216
dataset\data1\002.american-flag\002_0061.jpg,18446512435619725312
dataset\data1\002.american-flag\002_0062.jpg,30115102721
dataset\data1\002.american-flag\002_0063.jpg,17908537662598053888
dataset\data1\002.american-flag\002_0064.jpg,16388943796026703872
dataset\data1\002.american-flag\002_0065.jpg,4093545339738432000
dataset\data1\002.american-flag\002_0066.jpg,4858340980030893056
dataset\data1\002.american-flag\002_0067.jpg,841272508415
dataset\data1\002.american-flag\002_0068.jpg,3559692455243034624
dataset\data1\002.american-flag\002_0069.jpg,9146833188167696
dataset\data1\002.american-flag\002_0070.jpg,13836250178769457152
dataset\data1\002.american-flag\002_0071.jpg,8576676869976640
dataset\data1\002.american-flag\002_0072.jpg,7696126902014
dataset\data1\002.american-flag\002_0073.jpg,11504593148570632192
dataset\data1\002.american-flag\002_0074.jpg,20401283028156416
dataset\data1\002.american-flag\002_0075.jpg,13905131000246632448
dataset\data1\002.american-flag\002_0076.jpg,18446744073501376512
dataset\data1\002.american-flag\002_0077.jpg,18429716605694492672
dataset\data1\002.american-flag\002_0078.jpg,18379487101656809472
dataset\data1\002.american-flag\002_0079.jpg,649534542708735
dataset\data1\002.american-flag\002_0080.jpg,17293782746162102272
dataset\data1\002.american-flag\002_0081.jpg,18417703684728197120
dataset\data1\002.american-flag\002_0082.jpg,8681882480490252288
dataset\data1\002.american-flag\002_0083.jpg,2178895839418646016
dataset\data1\002.american-flag\002_0084.jpg,18446743407532498944
dataset\data1\002.american-flag\002_0085.jpg,16682424834835185664
dataset\data1\002.american-flag\002_0086.jpg,162151845026044448
dataset\data1\002.american-flag\002_0087.jpg,2324037942794648576
dataset\data1\002.american-flag\002_0088.jpg,281473349320704
dataset\data1\002.american-flag\002_0089.jpg,35631789770240
dataset\data1\002.american-flag\002_0090.jpg,11461880460352149504
dataset\data1\002.american-flag\002_0091.jpg,17940345235326894080
dataset\data1\002.american-flag\002_0092.jpg,54219237296504832
dataset\data1\002.american-flag\002_0093.jpg,4177526783
dataset\data1\002.american-flag\002_0094.jpg,18443344211014582272
dataset\data1\002.american-flag\002_0095.jpg,18397837216058451968
dataset\data1\002.american-flag\002_0096.jpg,17834112060523284480
dataset\data1\002.american-flag\002_0097.jpg,16174711630828941312
dataset\data1\003.backpack\003_0001.jpg,18411560804513384448
dataset\data1\003.backpack\003_0002.jpg,13600834588627664896
dataset\data1\003.backpack\003_0003.jpg,18438757773161324544
dataset\data1\003.backpack\003_0004.jpg,9223373263076456448
dataset\data1\003.backpack\003_0005.jpg,14087683511210315776
dataset\data1\003.backpack\003_0006.jpg,14303903821461307392
dataset\data1\003.backpack\003_0007.jpg,14916205100841091072
dataset\data1\003.backpack\003_0008.jpg,16393948172365365248
dataset\data1\003.backpack\003_0009.jpg,14394564080113797120
dataset\data1\003.backpack\003_0010.jpg,18413962422303047680
dataset\data1\003.backpack\003_0011.jpg,18411141353615638528
dataset\data1\003.backpack\003_0012.jpg,9223513326254882816
dataset\data1\003.backpack\003_0013.jpg,14107461820035495936
dataset\data1\003.backpack\003_0014.jpg,17852259643712573440
dataset\data1\003.backpack\003_0015.jpg,16709133896489168896
dataset\data1\003.backpack\003_0016.jpg,18411702095137837056
dataset\data1\003.backpack\003_0017.jpg,16249411333454544896
dataset\data1\003.backpack\003_0018.jpg,17852693067052728320
dataset\data1\003.backpack\003_0019.jpg,14087426242765357056
dataset\data1\003.backpack\003_0020.jpg,18123474202295255040
dataset\data1\003.backpack\003_0021.jpg,9366143264042827776
dataset\data1\003.backpack\003_0022.jpg,18284172714272374784
dataset\data1\003.backpack\003_0023.jpg,14377608834020272128
dataset\data1\003.backpack\003_0024.jpg,14378730836151353344
dataset\data1\003.backpack\003_0025.jpg,18429787146945806336
dataset\data1\003.backpack\003_0026.jpg,18429787146677381120
dataset\data1\003.backpack\003_0027.jpg,108544595687195136
dataset\data1\003.backpack\003_0028.jpg,14112479810587064320
dataset\data1\003.backpack\003_0029.jpg,12646261202230542336
dataset\data1\003.backpack\003_0030.jpg,16681474313492209664
dataset\data1\003.backpack\003_0031.jpg,15829111567548416
dataset\data1\003.backpack\003_0032.jpg,18429224187026595840
dataset\data1\003.backpack\003_0033.jpg,17276867841096679424
dataset\data1\003.backpack\003_0034.jpg,13872076154057506816
dataset\data1\003.backpack\003_0035.jpg,16106846731601299456
dataset\data1\003.backpack\003_0036.jpg,14087402028716378112
dataset\data1\003.backpack\003_0037.jpg,18446603892680230912
dataset\data1\003.backpack\003_0038.jpg,17420916798627649536
dataset\data1\003.backpack\003_0039.jpg,14051512972618885120
dataset\data1\003.backpack\003_0040.jpg,14393927449998774272
dataset\data1\003.backpack\003_0041.jpg,18140922490752573440
dataset\data1\003.backpack\003_0042.jpg,15495512585316931584
dataset\data1\003.backpack\003_0043.jpg,9331882296112441344
dataset\data1\003.backpack\003_0044.jpg,14981166744919080960
dataset\data1\003.backpack\003_0045.jpg,18424031891713953792
dataset\data1\003.backpack\003_0046.jpg,14018744175160297472
dataset\data1\003.backpack\003_0047.jpg,16125072236393777152
dataset\data1\003.backpack\003_0048.jpg,18374827773387718656
dataset\data1\003.backpack\003_0049.jpg,17565098217245491200
dataset\data1\003.backpack\003_0050.jpg,5053397050088119296
dataset\data1\003.backpack\003_0051.jpg,13948199321714569216
dataset\data1\003.backpack\003_0052.jpg,18446606635301986304
dataset\data1\003.backpack\003_0053.jpg,18402275633766957056
dataset\data1\003.backpack\003_0054.jpg,10345050921990471680
dataset\data1\003.backpack\003_0055.jpg,13871528312687411200
dataset\data1\003.backpack\003_0056.jpg,17258217640321859584
dataset\data1\003.backpack\003_0057.jpg,12088542939781916672
dataset\data1\003.backpack\003_0058.jpg,18411164480886142976
dataset\data1\003.backpack\003_0059.jpg,18267024232749826048
dataset\data1\003.backpack\003_0060.jpg,16411540910344224768
dataset\data1\003.backpack\003_0061.jpg,17402050249693855744
dataset\data1\003.backpack\003_0062.jpg,18374828316671606784
dataset\data1\003.backpack\003_0063.jpg,14970954187180064768
dataset\data1\003.backpack\003_0064.jpg,9295456053531547648
dataset\data1\003.backpack\003_0065.jpg,9346289456216391680
dataset\data1\003.backpack\003_0066.jpg,16105718348142198784
dataset\data1\003.backpack\003_0067.jpg,14339813068031246336
dataset\data1\003.backpack\003_0068.jpg,17834539448285775872
dataset\data1\003.backpack\003_0069.jpg,16249411877837721600
dataset\data1\003.backpack\003_0070.jpg,18429787146679476224
dataset\data1\003.backpack\003_0071.jpg,9342375343582003200
dataset\data1\003.backpack\003_0072.jpg,17276302683527176192
dataset\data1\003.backpack\003_0073.jpg,18429153544480356352
dataset\data1\003.backpack\003_0074.jpg,16421139646849345536
dataset\data1\003.backpack\003_0075.jpg,18413393143727767552
dataset\data1\003.backpack\003_0076.jpg,18446717581947043840
dataset\data1\003.backpack\003_0077.jpg,14105766890089570304
dataset\data1\003.backpack\003_0078.jpg,14087753899113181184
dataset\data1\003.backpack\003_0079.jpg,16203952039293091840
dataset\data1\003.backpack\003_0080.jpg,13295127685081595904
dataset\data1\003.backpack\003_0081.jpg,18446232714979835904
dataset\data1\003.backpack\003_0082.jpg,12178019959800446976
dataset\data1\003.backpack\003_0083.jpg,17834784359906013184
dataset\data1\003.backpack\003_0084.jpg,14970176961811415040
dataset\data1\003.backpack\003_0085.jpg,18410996751961028608
dataset\data1\003.backpack\003_0086.jpg,18410856016351690752
dataset\data1\003.backpack\003_0087.jpg,9332446899665469440
dataset\data1\003.backpack\003_0088.jpg,4648847323308218368
dataset\data1\003.backpack\003_0089.jpg,18122767479340105728
dataset\data1\003.backpack\003_0090.jpg,9553566247829020
dataset\data1\003.backpack\003_0091.jpg,16682322321538803712
dataset\data1\003.backpack\003_0092.jpg,83378182962643456
dataset\data1\003.backpack\003_0093.jpg,17258800450439211008
dataset\data1\003.backpack\003_0094.jpg,16186961702023395328
dataset\data1\003.backpack\003_0095.jpg,9295746294553346048
dataset\data1\003.backpack\003_0096.jpg,13871228697950521344
dataset\data1\003.backpack\003_0097.jpg,4864310642204590080
dataset\data1\003.backpack\003_0098.jpg,36019444694122496
dataset\data1\003.backpack\003_0099.jpg,16411468887209658368
dataset\data1\003.backpack\003_0100.jpg,18415218945065328640
dataset\data1\003.backpack\003_0101.jpg,216605770547683
dataset\data1\003.backpack\003_0102.jpg,8861933447354976256
dataset\data1\003.backpack\003_0103.jpg,14098986517620584448
dataset\data1\003.backpack\003_0104.jpg,14096754470327416832
dataset\data1\003.backpack\003_0105.jpg,5171119190374978560
dataset\data1\003.backpack\003_0106.jpg,9476315303228063744
dataset\data1\003.backpack\003_0107.jpg,9331881454774775808
dataset\data1\003.backpack\003_0108.jpg,72288339026466720
dataset\data1\003.backpack\003_0109.jpg,9476068137511405568
dataset\data1\003.backpack\003_0110.jpg,14051653636132552704
dataset\data1\003.backpack\003_0111.jpg,16682322036995112960
dataset\data1\003.backpack\003_0112.jpg,9331741558623551488
dataset\data1\003.backpack\003_0113.jpg,102946076755063664
dataset\data1\003.backpack\003_0114.jpg,6946494320434464768
dataset\data1\003.backpack\003_0115.jpg,18420145795463479296
dataset\data1\003.backpack\003_0116.jpg,15535468118435010560
dataset\data1\003.backpack\003_0117.jpg,18411138588675784704
dataset\data1\003.backpack\003_0118.jpg,16403151852172314624
dataset\data1\003.backpack\003_0119.jpg,18410721339096156160
dataset\data1\003.backpack\003_0120.jpg,16215642058601381888
dataset\data1\003.backpack\003_0121.jpg,17853328592319250432
dataset\data1\003.backpack\003_0122.jpg,10632999634139871232
dataset\data1\003.backpack\003_0123.jpg,9728199338198419456
dataset\data1\003.backpack\003_0124.jpg,2308513707893645312
dataset\data1\003.backpack\003_0125.jpg,18429223912144470016
dataset\data1\003.backpack\003_0126.jpg,18429716493353730048
dataset\data1\003.backpack\003_0127.jpg,14375913887394955264
dataset\data1\003.backpack\003_0128.jpg,17546448016435691520
dataset\data1\003.backpack\003_0129.jpg,13800016108620709888
dataset\data1\003.backpack\003_0130.jpg,3390893927227359
dataset\data1\003.backpack\003_0131.jpg,18443317793882513408
dataset\data1\003.backpack\003_0132.jpg,18428836194163900416
dataset\data1\003.backpack\003_0133.jpg,14951950765025968128
dataset\data1\003.backpack\003_0134.jpg,216460445077332480
dataset\data1\003.backpack\003_0135.jpg,18429580153895178240
dataset\data1\003.backpack\003_0136.jpg,3493666308153551872
dataset\data1\003.backpack\003_0137.jpg,17277927898109431808
dataset\data1\003.backpack\003_0138.jpg,18438759290409041920
dataset\data1\003.backpack\003_0139.jpg,10340688681354354688
dataset\data1\003.backpack\003_0140.jpg,18374987340280070144
dataset\data1\003.backpack\003_0141.jpg,14357832697828720640
dataset\data1\003.backpack\003_0142.jpg,18289980241340268544
dataset\data1\003.backpack\003_0143.jpg,14375912779322474496
dataset\data1\003.backpack\003_0144.jpg,9439830571488493568
dataset\data1\003.backpack\003_0145.jpg,18429786862105522176
dataset\data1\003.backpack\003_0146.jpg,10484663608691245056
dataset\data1\003.backpack\003_0147.jpg,17411434467472558080
dataset\data1\003.backpack\003_0148.jpg,9360113650442166272
dataset\data1\003.backpack\003_0149.jpg,16267991043339954176
dataset\data1\003.backpack\003_0150.jpg,18411139144895154176
dataset\data1\003.backpack\003_0151.jpg,17690563480467531776
dataset\data1\004.baseball-bat\004_0001.jpg,18446744070488326144
dataset\data1\004.baseball-bat\004_0002.jpg,16140339008969314304
dataset\data1\004.baseball-bat\004_0003.jpg,18446744067803971584
dataset\data1\004.baseball-bat\004_0004.jpg,18446464252314255360
dataset\data1\004.baseball-bat\004_0005.jpg,360004296187559808
dataset\data1\004.baseball-bat\004_0006.jpg,18446741809248862208
dataset\data1\004.baseball-bat\004_0007.jpg,212132729716735
dataset\data1\004.baseball-bat\004_0008.jpg,9222171077526805504
dataset\data1\004.baseball-bat\004_0009.jpg,18446743863524589568
dataset\data1\004.baseball-bat\004_0010.jpg,9209845844802531328
dataset\data1\004.baseball-bat\004_0011.jpg,18156248668788989952
dataset\data1\004.baseball-bat\004_0012.jpg,17289301308166633472
dataset\data1\004.baseball-bat\004_0013.jpg,1085168545955253120
dataset\data1\004.baseball-bat\004_0014.jpg,2377619128272797696
dataset\data1\004.baseball-bat\004_0015.jpg,18374119097309839360
dataset\data1\004.baseball-bat\004_0016.jpg,8334404721779145728
dataset\data1\004.baseball-bat\004_0017.jpg,18374119097041403904
dataset\data1\004.baseball-bat\004_0018.jpg,3769459937803773952
dataset\data1\004.baseball-bat\004_0019.jpg,9205322453838724096
dataset\data1\004.baseball-bat\004_0020.jpg,18446743506773868544
dataset\data1\004.baseball-bat\004_0021.jpg,16136379769468483584
dataset\data1\004.baseball-bat\004_0022.jpg,18446690764071239680
dataset\data1\004.baseball-bat\004_0023.jpg,76859208854733056
dataset\data1\004.baseball-bat\004_0024.jpg,31507192146545408
dataset\data1\004.baseball-bat\004_0025.jpg,71773919767412592
dataset\data1\004.baseball-bat\004_0026.jpg,4262719719460505600
dataset\data1\004.baseball-bat\004_0027.jpg,24840441743024128
dataset\data1\004.baseball-bat\004_0028.jpg,16716020349027155968
dataset\data1\004.baseball-bat\004_0029.jpg,2820401265449056768
dataset\data1\004.baseball-bat\004_0030.jpg,17978113549917952
dataset\data1\004.baseball-bat\004_0031.jpg,18374119097041403904
dataset\data1\004.baseball-bat\004_0032.jpg,17574139807330729984
dataset\data1\004.baseball-bat\004_0033.jpg,16136379803828221952
dataset\data1\004.baseball-bat\004_0034.jpg,30439298651259904
dataset\data1\004.baseball-bat\004_0035.jpg,12842150133602803712
dataset\data1\004.baseball-bat\004_0036.jpg,1188879795442392320
dataset\data1\004.baseball-bat\004_0037.jpg,16710579925595711488
dataset\data1\004.baseball-bat\004_0038.jpg,18444483477801791488
dataset\data1\004.baseball-bat\004_0039.jpg,72130591100485632
dataset\data1\004.baseball-bat\004_0040.jpg,19921512196532224
dataset\data1\004.baseball-bat\004_0041.jpg,9765778233647693824
dataset\data1\004.baseball-bat\004_0042.jpg,16789281971900049408
dataset\data1\004.baseball-bat\004_0043.jpg,13617891073162463232
dataset\data1\004.baseball-bat\004_0044.jpg,18446742974751571968
dataset\data1\004.baseball-bat\004_0045.jpg,1232021496458411008
dataset\data1\004.baseball-bat\004_0046.jpg,16245463678459377664
dataset\data1\004.baseball-bat\004_0047.jpg,18373839709584078848
dataset\data1\004.baseball-bat\004_0048.jpg,1776688071858454528
dataset\data1\004.baseball-bat\004_0049.jpg,17481980241724469248
dataset\data1\004.baseball-bat\004_0050.jpg,16846209088899452928
dataset\data1\004.baseball-bat\004_0051.jpg,9205322385119247360
dataset\data1\004.baseball-bat\004_0052.jpg,142848550543269792
dataset\data1\004.baseball-bat\004_0053.jpg,18446735277077561344
dataset\data1\004.baseball-bat\004_0054.jpg,18446742974265032704
dataset\data1\004.baseball-bat\004_0055.jpg,549054876285509888
dataset\data1\004.baseball-bat\004_0056.jpg,18411139146039527424
dataset\data1\004.baseball-bat\004_0057.jpg,13242496054701187072
dataset\data1\004.baseball-bat\004_0058.jpg,628834233828733696
dataset\data1\004.baseball-bat\004_0059.jpg,17850502583584655360
dataset\data1\004.baseball-bat\004_0060.jpg,594686119606173184
dataset\data1\004.baseball-bat\004_0061.jpg,18410503964098166784
dataset\data1\004.baseball-bat\004_0062.jpg,18372701546107437056
dataset\data1\004.baseball-bat\004_0063.jpg,18442204353510957056
dataset\data1\004.baseball-bat\004_0064.jpg,16204481294563008512
dataset\data1\004.baseball-bat\004_0065.jpg,9160198341629638656
dataset\data1\004.baseball-bat\004_0066.jpg,12556186152877359104
dataset\data1\004.baseball-bat\004_0067.jpg,15487885372685824
dataset\data1\004.baseball-bat\004_0068.jpg,17148299577068167168
dataset\data1\004.baseball-bat\004_0069.jpg,18408516391427579904
dataset\data1\004.baseball-bat\004_0070.jpg,13771813628530950144
dataset\data1\004.baseball-bat\004_0071.jpg,18300940018187743232
dataset\data1\004.baseball-bat\004_0072.jpg,18446742974214701056
dataset\data1\004.baseball-bat\004_0073.jpg,9583668841861349376
dataset\data1\004.baseball-bat\004_0074.jpg,144115187941358928
dataset\data1\004.baseball-bat\004_0075.jpg,18427528987187716096
dataset\data1\004.baseball-bat\004_0076.jpg,13808001204291368960
dataset\data1\004.baseball-bat\004_0077.jpg,6183583451381760
dataset\data1\004.baseball-bat\004_0078.jpg,1155199813973605376
dataset\data1\004.baseball-bat\004_0079.jpg,17754002248645476352
dataset\data1\004.baseball-bat\004_0080.jpg,9160044156750004224
dataset\data1\004.baseball-bat\004_0081.jpg,18374101366342664192
dataset\data1\004.baseball-bat\004_0082.jpg,18372861255739228160
dataset\data1\004.baseball-bat\004_0083.jpg,18302633249052016640
dataset\data1\004.baseball-bat\004_0084.jpg,18428694421906784256
dataset\data1\004.baseball-bat\004_0085.jpg,9151526579707051008
dataset\data1\004.baseball-bat\004_0086.jpg,9205322453972941824
dataset\data1\004.baseball-bat\004_0087.jpg,9331917497664372736
dataset\data1\004.baseball-bat\004_0088.jpg,2130706431
dataset\data1\004.baseball-bat\004_0089.jpg,18428694490827976704
dataset\data1\004.baseball-bat\004_0090.jpg,13812469413451792384
dataset\data1\004.baseball-bat\004_0091.jpg,3037704580472406016
dataset\data1\004.baseball-bat\004_0092.jpg,29527900160
dataset\data1\004.baseball-bat\004_0093.jpg,144255942332968960
dataset\data1\004.baseball-bat\004_0094.jpg,18446462563555213312
dataset\data1\004.baseball-bat\004_0095.jpg,18446743536905748480
dataset\data1\004.baseball-bat\004_0096.jpg,4593565997073820160
dataset\data1\004.baseball-bat\004_0097.jpg,16787422117307127808
dataset\data1\004.baseball-bat\004_0098.jpg,18446603129962102784
dataset\data1\004.baseball-bat\004_0099.jpg,18446709786461339648
dataset\data1\004.baseball-bat\004_0100.jpg,18374119097041403904
dataset\data1\004.baseball-bat\004_0101.jpg,18374119097041403904
dataset\data1\004.baseball-bat\004_0102.jpg,18392154479146037248
dataset\data1\004.baseball-bat\004_0103.jpg,16418958603844583424
dataset\data1\004.baseball-bat\004_0104.jpg,18446532761184239616
dataset\data1\004.baseball-bat\004_0105.jpg,10893926432186585088
dataset\data1\004.baseball-bat\004_0106.jpg,36028796884483584
dataset\data1\004.baseball-bat\004_0107.jpg,4212694199794407424
dataset\data1\004.baseball-bat\004_0108.jpg,72057594037862400
dataset\data1\004.baseball-bat\004_0109.jpg,17080123669563164672
dataset\data1\004.baseball-bat\004_0110.jpg,18374119097041403904
dataset\data1\004.baseball-bat\004_0111.jpg,9205322385119247360
dataset\data1\004.baseball-bat\004_0112.jpg,458587846339411456
dataset\data1\004.baseball-bat\004_0113.jpg,4557501016083210240
dataset\data1\004.baseball-bat\004_0114.jpg,27029227647761408
dataset\data1\004.baseball-bat\004_0115.jpg,18446744073709551616
dataset\data1\004.baseball-bat\004_0116.jpg,0
dataset\data1\004.baseball-bat\004_0117.jpg,9205322385119247360
dataset\data1\004.baseball-bat\004_0118.jpg,18374119097041395712
dataset\data1\004.baseball-bat\004_0119.jpg,2314603917864075776
dataset\data1\004.baseball-bat\004_0120.jpg,18446532761117196288
dataset\data1\004.baseball-bat\004_0121.jpg,18446743228137865216
dataset\data1\004.baseball-bat\004_0122.jpg,8943047193538503680
dataset\data1\004.baseball-bat\004_0123.jpg,18401487746520645632
dataset\data1\004.baseball-bat\004_0124.jpg,13771884342927753216
dataset\data1\004.baseball-bat\004_0125.jpg,9010642193851388
dataset\data1\004.baseball-bat\004_0126.jpg,18373810821468766208
dataset\data1\004.baseball-bat\004_0127.jpg,18446742452376371200
dataset\data1\005.baseball-glove\005_0001.jpg,16109252178788610048
dataset\data1\005.baseball-glove\005_0002.jpg,16988001935363770368
dataset\data1\005.baseball-glove\005_0003.jpg,18140923165126197248
dataset\data1\005.baseball-glove\005_0004.jpg,18154556007753125888
dataset\data1\005.baseball-glove\005_0005.jpg,17433680516926640128
dataset\data1\005.baseball-glove\005_0006.jpg,18429778410139140096
dataset\data1\005.baseball-glove\005_0007.jpg,16699773485496786944
dataset\data1\005.baseball-glove\005_0008.jpg,17854416825320800256
dataset\data1\005.baseball-glove\005_0009.jpg,18446677557579481088
dataset\data1\005.baseball-glove\005_0010.jpg,18010124160332664832
dataset\data1\005.baseball-glove\005_0011.jpg,16702658604058132480
dataset\data1\005.baseball-glove\005_0012.jpg,18444353185675526144
dataset\data1\005.baseball-glove\005_0013.jpg,1157548493156143104
dataset\data1\005.baseball-glove\005_0014.jpg,541280243554550784
dataset\data1\005.baseball-glove\005_0015.jpg,16412176436808880128
dataset\data1\005.baseball-glove\005_0016.jpg,16988072027065712640
dataset\data1\005.baseball-glove\005_0017.jpg,10312270130436890624
dataset\data1\005.baseball-glove\005_0018.jpg,16700406812800811008
dataset\data1\005.baseball-glove\005_0019.jpg,17564464613951635456
dataset\data1\005.baseball-glove\005_0020.jpg,18125722980671330304
dataset\data1\005.baseball-glove\005_0021.jpg,9171448445314527232
dataset\data1\005.baseball-glove\005_0022.jpg,17006933338428270592
dataset\data1\005.baseball-glove\005_0023.jpg,16105861293247938560
dataset\data1\005.baseball-glove\005_0024.jpg,18442663236580509696
dataset\data1\005.baseball-glove\005_0025.jpg,18285038353168547840
dataset\data1\005.baseball-glove\005_0026.jpg,18438794577529831424
dataset\data1\005.baseball-glove\005_0027.jpg,11497425420726366208
dataset\data1\005.baseball-glove\005_0028.jpg,18433171443469776896
dataset\data1\005.baseball-glove\005_0029.jpg,16682319286013837312
dataset\data1\005.baseball-glove\005_0030.jpg,13654930476659826688
dataset\data1\005.baseball-glove\005_0031.jpg,72049548225722544
dataset\data1\005.baseball-glove\005_0032.jpg,13515584317225469952
dataset\data1\005.baseball-glove\005_0033.jpg,18434220123029102592
dataset\data1\005.baseball-glove\005_0034.jpg,18446604991939608576
dataset\data1\005.baseball-glove\005_0035.jpg,18411139141656961024
dataset\data1\005.baseball-glove\005_0036.jpg,18411138594073823232
dataset\data1\005.baseball-glove\005_0037.jpg,18150001011199172608
dataset\data1\005.baseball-glove\005_0038.jpg,14974344531526348800
dataset\data1\005.baseball-glove\005_0039.jpg,18446717426723977216
dataset\data1\005.baseball-glove\005_0040.jpg,33801212906979328
dataset\data1\005.baseball-glove\005_0041.jpg,627078100034109
dataset\data1\005.baseball-glove\005_0042.jpg,16107547929031536640
dataset\data1\005.baseball-glove\005_0043.jpg,14271455317685321728
dataset\data1\005.baseball-glove\005_0044.jpg,18429786859934449664
dataset\data1\005.baseball-glove\005_0045.jpg,18436480686724519936
dataset\data1\005.baseball-glove\005_0046.jpg,15841844388046604288
dataset\data1\005.baseball-glove\005_0047.jpg,18438794061387384832
dataset\data1\005.baseball-glove\005_0048.jpg,17293483656484085760
dataset\data1\005.baseball-glove\005_0049.jpg,18446744073254860800
dataset\data1\005.baseball-glove\005_0050.jpg,9754614406002911232
dataset\data1\005.baseball-glove\005_0051.jpg,18446612684247662592
dataset\data1\005.baseball-glove\005_0052.jpg,9753397119398389760
dataset\data1\005.baseball-glove\005_0053.jpg,18273787630485243904
dataset\data1\005.baseball-glove\005_0054.jpg,43550264891539584
dataset\data1\005.baseball-glove\005_0055.jpg,11497425009483247616
dataset\data1\005.baseball-glove\005_0056.jpg,17269471969634387968
dataset\data1\005.baseball-glove\005_0057.jpg,18411702094844254208
dataset\data1\005.baseball-glove\005_0058.jpg,1117950419650339328
dataset\data1\005.baseball-glove\005_0059.jpg,18446675508851900416
dataset\data1\005.baseball-glove\005_0060.jpg,17852463331251255296
dataset\data1\005.baseball-glove\005_0061.jpg,18446743815003308032
dataset\data1\005.baseball-glove\005_0062.jpg,18436471890764890112
dataset\data1\005.baseball-glove\005_0063.jpg,9096999444477304832
dataset\data1\005.baseball-glove\005_0064.jpg,16412103860291684352
dataset\data1\005.baseball-glove\005_0065.jpg,4543858838226138624
dataset\data1\005.baseball-glove\005_0066.jpg,18417613457001222144
dataset\data1\005.baseball-glove\005_0067.jpg,4622513177831673856
dataset\data1\005.baseball-glove\005_0068.jpg,16105858533702008832
dataset\data1\005.baseball-glove\005_0069.jpg,16701460136350826496
dataset\data1\005.baseball-glove\005_0070.jpg,15823820602762958848
dataset\data1\005.baseball-glove\005_0071.jpg,18446690753864398848
dataset\data1\005.baseball-glove\005_0072.jpg,18446686353672501248
dataset\data1\005.baseball-glove\005_0073.jpg,18293974637427681280
dataset\data1\005.baseball-glove\005_0074.jpg,18429727608729083904
dataset\data1\005.baseball-glove\005_0075.jpg,17550969223543314432
dataset\data1\005.baseball-glove\005_0076.jpg,1160922085872074240
dataset\data1\005.baseball-glove\005_0077.jpg,14110324922043842560
dataset\data1\005.baseball-glove\005_0078.jpg,296129750339952640
dataset\data1\005.baseball-glove\005_0079.jpg,9315438780628221952
dataset\data1\005.baseball-glove\005_0080.jpg,16393384125073031168
dataset\data1\005.baseball-glove\005_0081.jpg,14971024831880085504
dataset\data1\005.baseball-glove\005_0082.jpg,18417894537864183808
dataset\data1\005.baseball-glove\005_0083.jpg,18411139139496939520
dataset\data1\005.baseball-glove\005_0084.jpg,17433980067373846528
dataset\data1\005.baseball-glove\005_0085.jpg,18444633011401232384
dataset\data1\005.baseball-glove\005_0086.jpg,15817628157550299136
dataset\data1\005.baseball-glove\005_0087.jpg,16124999381882564608
dataset\data1\005.baseball-glove\005_0088.jpg,17433681071111639040
dataset\data1\005.baseball-glove\005_0089.jpg,950568730515996672
dataset\data1\005.baseball-glove\005_0090.jpg,3485817031380899840
dataset\data1\005.baseball-glove\005_0091.jpg,11461396381964496896
dataset\data1\005.baseball-glove\005_0092.jpg,18010158861650726912
dataset\data1\005.baseball-glove\005_0093.jpg,16710469810584272896
dataset\data1\005.baseball-glove\005_0094.jpg,178173134150565824
dataset\data1\005.baseball-glove\005_0095.jpg,18446677559715561472
dataset\data1\005.baseball-glove\005_0096.jpg,16109243408291696640
dataset\data1\005.baseball-glove\005_0097.jpg,4677447704589574144
dataset\data1\005.baseball-glove\005_0098.jpg,18446604990858526720
dataset\data1\005.baseball-glove\005_0099.jpg,18446613236405041152
dataset\data1\005.baseball-glove\005_0100.jpg,17352634281944455168
dataset\data1\005.baseball-glove\005_0101.jpg,18429153543400966144
dataset\data1\005.baseball-glove\005_0102.jpg,13788347005120710656
dataset\data1\005.baseball-glove\005_0103.jpg,647669997793867776
dataset\data1\005.baseball-glove\005_0104.jpg,13625948639212867584
dataset\data1\005.baseball-glove\005_0105.jpg,11315584369399795712
dataset\data1\005.baseball-glove\005_0106.jpg,12662020851303153664
dataset\data1\005.baseball-glove\005_0107.jpg,14357969844693950464
dataset\data1\005.baseball-glove\005_0108.jpg,18446589700175040512
dataset\data1\005.baseball-glove\005_0109.jpg,1081444671181158912
dataset\data1\005.baseball-glove\005_0110.jpg,36741078690029824
dataset\data1\005.baseball-glove\005_0111.jpg,17978370264396189696
dataset\data1\005.baseball-glove\005_0112.jpg,15675206213088313344
dataset\data1\005.baseball-glove\005_0113.jpg,17091069631929344
dataset\data1\005.baseball-glove\005_0114.jpg,18411702092688261120
dataset\data1\005.baseball-glove\005_0115.jpg,16105861284653795328
dataset\data1\005.baseball-glove\005_0116.jpg,18429575755865382912
dataset\data1\005.baseball-glove\005_0117.jpg,11465897506617028608
dataset\data1\005.baseball-glove\005_0118.jpg,18429162386873352192
dataset\data1\005.baseball-glove\005_0119.jpg,13979104944267591680
dataset\data1\005.baseball-glove\005_0120.jpg,507062286314013568
dataset\data1\005.baseball-glove\005_0121.jpg,17578095255449735168
dataset\data1\005.baseball-glove\005_0122.jpg,18446607190981345280
dataset\data1\005.baseball-glove\005_0123.jpg,16114866282721054720
dataset\data1\005.baseball-glove\005_0124.jpg,323974386747601536
dataset\data1\005.baseball-glove\005_0125.jpg,13907397676225366016
dataset\data1\005.baseball-glove\005_0126.jpg,17861772558254182400
dataset\data1\005.baseball-glove\005_0127.jpg,18430348708303800320
dataset\data1\005.baseball-glove\005_0128.jpg,13690941772224921600
dataset\data1\005.baseball-glove\005_0129.jpg,16063952786852413440
dataset\data1\005.baseball-glove\005_0130.jpg,18445496748635394048
dataset\data1\005.baseball-glove\005_0131.jpg,18378910260061659136
dataset\data1\005.baseball-glove\005_0132.jpg,16700334236569796608
dataset\data1\005.baseball-glove\005_0133.jpg,14378728628533952512
dataset\data1\005.baseball-glove\005_0134.jpg,14954065686396239872
dataset\data1\005.baseball-glove\005_0135.jpg,17259780596053372928
dataset\data1\005.baseball-glove\005_0136.jpg,17798565602050971648
dataset\data1\005.baseball-glove\005_0137.jpg,18437597786368741376
dataset\data1\005.baseball-glove\005_0138.jpg,11494173068281243648
dataset\data1\005.baseball-glove\005_0139.jpg,18010159342687293440
dataset\data1\005.baseball-glove\005_0140.jpg,16412108560118679552
dataset\data1\005.baseball-glove\005_0141.jpg,14952462035778050048
dataset\data1\005.baseball-glove\005_0142.jpg,17861804437640515584
dataset\data1\005.baseball-glove\005_0143.jpg,13803267880167469056
dataset\data1\005.baseball-glove\005_0144.jpg,18010442192053563392
dataset\data1\005.baseball-glove\005_0145.jpg,18122977484440903680
dataset\data1\005.baseball-glove\005_0146.jpg,17574105415422164992
dataset\data1\005.baseball-glove\005_0147.jpg,17277923088755050496
dataset\data1\005.baseball-glove\005_0148.jpg,16416715213136576512
dataset\data1\006.basketball-hoop\006_0001.jpg,18372434593908260864
dataset\data1\006.basketball-hoop\006_0002.jpg,15586060005034426368
dataset\data1\006.basketball-hoop\006_0003.jpg,1742399428330546432
dataset\data1\006.basketball-hoop\006_0004.jpg,4358426967865559040
dataset\data1\006.basketball-hoop\006_0005.jpg,2052647904536886784
dataset\data1\006.basketball-hoop\006_0006.jpg,215609867025395808
dataset\data1\006.basketball-hoop\006_0007.jpg,18441110021476444160
dataset\data1\006.basketball-hoop\006_0008.jpg,18427726921415585792
dataset\data1\006.basketball-hoop\006_0009.jpg,921894652
dataset\data1\006.basketball-hoop\006_0010.jpg,9130828285655264
dataset\data1\006.basketball-hoop\006_0011.jpg,18446704352841420800
dataset\data1\006.basketball-hoop\006_0012.jpg,272539549945807
dataset\data1\006.basketball-hoop\006_0013.jpg,6683040226816
dataset\data1\006.basketball-hoop\006_0014.jpg,18446480638004391936
dataset\data1\006.basketball-hoop\006_0015.jpg,60900797997118464
dataset\data1\006.basketball-hoop\006_0016.jpg,249950452546764288
dataset\data1\006.basketball-hoop\006_0017.jpg,8664961957817680896
dataset\data1\006.basketball-hoop\006_0018.jpg,4257881994165108224
dataset\data1\006.basketball-hoop\006_0019.jpg,473018698345530880
dataset\data1\006.basketball-hoop\006_0020.jpg,630698358955899520
dataset\data1\006.basketball-hoop\006_0021.jpg,18159078855299182592
dataset\data1\006.basketball-hoop\006_0022.jpg,1083424919849558016
dataset\data1\006.basketball-hoop\006_0023.jpg,9259964689931042816
dataset\data1\006.basketball-hoop\006_0024.jpg,13978609197145882624
dataset\data1\006.basketball-hoop\006_0025.jpg,3439290157106431
dataset\data1\006.basketball-hoop\006_0026.jpg,17289300835853398016
dataset\data1\006.basketball-hoop\006_0027.jpg,15380534634794616832
dataset\data1\006.basketball-hoop\006_0028.jpg,18230518223047380992
dataset\data1\006.basketball-hoop\006_0029.jpg,9786321990275825664
dataset\data1\006.basketball-hoop\006_0030.jpg,2258361046530920192
dataset\data1\006.basketball-hoop\006_0031.jpg,8703453622244267008
dataset\data1\006.basketball-hoop\006_0032.jpg,10198262274967836672
dataset\data1\006.basketball-hoop\006_0033.jpg,9603651599108866048
dataset\data1\006.basketball-hoop\006_0034.jpg,18446596330809778176
dataset\data1\006.basketball-hoop\006_0035.jpg,17428969159776491520
dataset\data1\006.basketball-hoop\006_0036.jpg,15788988070364678
dataset\data1\006.basketball-hoop\006_0037.jpg,17852159006496786432
dataset\data1\006.basketball-hoop\006_0038.jpg,263916110086143
dataset\data1\006.basketball-hoop\006_0039.jpg,13708443953243627520
dataset\data1\006.basketball-hoop\006_0040.jpg,18446743940565598208
dataset\data1\006.basketball-hoop\006_0041.jpg,17364815594527899648
dataset\data1\006.basketball-hoop\006_0042.jpg,17576356907885508608
dataset\data1\006.basketball-hoop\006_0043.jpg,13893305501139009536
dataset\data1\006.basketball-hoop\006_0044.jpg,27267942055935
dataset\data1\006.basketball-hoop\006_0045.jpg,9187140256245694464
dataset\data1\006.basketball-hoop\006_0046.jpg,15530386074705838080
dataset\data1\006.basketball-hoop\006_0047.jpg,17429448993862975488
dataset\data1\006.basketball-hoop\006_0048.jpg,1082877354586876800
dataset\data1\006.basketball-hoop\006_0049.jpg,2242576755808249088
dataset\data1\006.basketball-hoop\006_0050.jpg,144678141460102784
dataset\data1\006.basketball-hoop\006_0051.jpg,8548770805399359
dataset\data1\006.basketball-hoop\006_0052.jpg,18446743176363382784
dataset\data1\006.basketball-hoop\006_0053.jpg,9153285880101157888
dataset\data1\006.basketball-hoop\006_0054.jpg,8683068418850582528
dataset\data1\006.basketball-hoop\006_0055.jpg,18439962283707727872
dataset\data1\006.basketball-hoop\006_0056.jpg,2369171579587753984
dataset\data1\006.basketball-hoop\006_0057.jpg,18154511234023030784
dataset\data1\006.basketball-hoop\006_0058.jpg,18443357530396614656
dataset\data1\006.basketball-hoop\006_0059.jpg,3962885989940323328
dataset\data1\006.basketball-hoop\006_0060.jpg,2292609549011521536
dataset\data1\006.basketball-hoop\006_0061.jpg,13834987410569699328
dataset\data1\006.basketball-hoop\006_0062.jpg,2375355495894224896
dataset\data1\006.basketball-hoop\006_0063.jpg,16780680473124798464
dataset\data1\006.basketball-hoop\006_0064.jpg,14116532997496762368
dataset\data1\006.basketball-hoop\006_0065.jpg,522150134393538560
dataset\data1\006.basketball-hoop\006_0066.jpg,1184397429324607
dataset\data1\006.basketball-hoop\006_0067.jpg,9730009334027976704
dataset\data1\006.basketball-hoop\006_0068.jpg,5116093450202120192
dataset\data1\006.basketball-hoop\006_0069.jpg,18446744063643224064
dataset\data1\006.basketball-hoop\006_0070.jpg,18446458580669325312
dataset\data1\006.basketball-hoop\006_0071.jpg,263847081910143
dataset\data1\006.basketball-hoop\006_0072.jpg,327466041111
dataset\data1\006.basketball-hoop\006_0073.jpg,17278059953022820352
dataset\data1\006.basketball-hoop\006_0074.jpg,8055567620660224
dataset\data1\006.basketball-hoop\006_0075.jpg,18446725955406823424
dataset\data1\006.basketball-hoop\006_0076.jpg,18444915040428748800
dataset\data1\006.basketball-hoop\006_0077.jpg,16349141533745348608
dataset\data1\006.basketball-hoop\006_0078.jpg,3472482759887289856
dataset\data1\006.basketball-hoop\006_0079.jpg,34481650159058168
dataset\data1\006.basketball-hoop\006_0080.jpg,14397998796266663936
dataset\data1\006.basketball-hoop\006_0081.jpg,504403145315090496
dataset\data1\006.basketball-hoop\006_0082.jpg,67605617559699328
dataset\data1\006.basketball-hoop\006_0083.jpg,18157171275783536640
dataset\data1\006.basketball-hoop\006_0084.jpg,18301706329960400896
dataset\data1\006.basketball-hoop\006_0085.jpg,771751935
dataset\data1\006.basketball-hoop\006_0086.jpg,9178301663255444480
dataset\data1\006.basketball-hoop\006_0087.jpg,18009021805214173184
dataset\data1\006.basketball-hoop\006_0088.jpg,9475850843732189184
dataset\data1\006.basketball-hoop\006_0089.jpg,1159964079957536000
dataset\data1\006.basketball-hoop\006_0090.jpg,16208726505116532736
dataset\data1\007.bat\007_0001.jpg,13821337012393900032
dataset\data1\007.bat\007_0002.jpg,14560165186309726208
dataset\data1\007.bat\007_0003.jpg,13799029258266112000
dataset\data1\007.bat\007_0004.jpg,3754907096375148032
dataset\data1\007.bat\007_0005.jpg,9081742719521131520
dataset\data1\007.bat\007_0006.jpg,30976244385599
dataset\data1\007.bat\007_0007.jpg,18439922160688988160
dataset\data1\007.bat\007_0008.jpg,18145532053673154560
dataset\data1\007.bat\007_0009.jpg,1089620366653946880
dataset\data1\007.bat\007_0010.jpg,18230544868809605120
dataset\data1\007.bat\007_0011.jpg,17291237447623079936
dataset\data1\007.bat\007_0012.jpg,3391161930690560
dataset\data1\007.bat\007_0013.jpg,18012420423385389056
dataset\data1\007.bat\007_0014.jpg,18157524618162864128
dataset\data1\007.bat\007_0015.jpg,18374736160147775488
dataset\data1\007.bat\007_0016.jpg,18444070892104187904
dataset\data1\007.bat\007_0017.jpg,4289541770947576832
dataset\data1\007.bat\007_0018.jpg,8065929236399996928
dataset\data1\007.bat\007_0019.jpg,7907808928208437
dataset\data1\007.bat\007_0020.jpg,15128138472156561408
dataset\data1\007.bat\007_0021.jpg,18066926293340628992
dataset\data1\007.bat\007_0022.jpg,9006996944632347648
dataset\data1\007.bat\007_0023.jpg,4575231148020404224
dataset\data1\007.bat\007_0024.jpg,63261509607219200
dataset\data1\007.bat\007_0025.jpg,5663610703470656
dataset\data1\007.bat\007_0026.jpg,9259506609506156544
dataset\data1\007.bat\007_0027.jpg,18442101857393442816
dataset\data1\007.bat\007_0028.jpg,1131917684828608768
dataset\data1\007.bat\007_0029.jpg,9801102910863433728
dataset\data1\007.bat\007_0030.jpg,2269602552692488192
dataset\data1\007.bat\007_0031.jpg,1666054045411964416
dataset\data1\007.bat\007_0032.jpg,85477531108626208
dataset\data1\007.bat\007_0033.jpg,50701220720655
dataset\data1\007.bat\007_0034.jpg,12825334393983205376
dataset\data1\007.bat\007_0035.jpg,6015683149437309952
dataset\data1\007.bat\007_0036.jpg,17354863935732449280
dataset\data1\007.bat\007_0037.jpg,16683460145686085632
dataset\data1\007.bat\007_0038.jpg,3973893765072904
dataset\data1\007.bat\007_0039.jpg,2246508429415938560
dataset\data1\007.bat\007_0040.jpg,13902885660532932608
dataset\data1\007.bat\007_0041.jpg,36952528369154800
dataset\data1\007.bat\007_0042.jpg,6870174371928324096
dataset\data1\007.bat\007_0043.jpg,9691305522025807872
dataset\data1\007.bat\007_0044.jpg,8862557265023442944
dataset\data1\007.bat\007_0045.jpg,16538591962597939200
dataset\data1\007.bat\007_0046.jpg,4704943809530372096
dataset\data1\007.bat\007_0047.jpg,14983404526365573120
dataset\data1\007.bat\007_0048.jpg,72075426742173712
dataset\data1\007.bat\007_0049.jpg,17837070381733705728
dataset\data1\007.bat\007_0050.jpg,549122391290913536
dataset\data1\007.bat\007_0051.jpg,4685154288056519680
dataset\data1\007.bat\007_0052.jpg,3129491104048657408
dataset\data1\007.bat\007_0053.jpg,8760060131958784
dataset\data1\007.bat\007_0054.jpg,9187131714582611968
dataset\data1\007.bat\007_0055.jpg,18428095916595607552
dataset\data1\007.bat\007_0056.jpg,18095802847916445696
dataset\data1\007.bat\007_0057.jpg,5186433667238524928
dataset\data1\007.bat\007_0058.jpg,17940296908195567616
dataset\data1\007.bat\007_0059.jpg,18405938755564273664
dataset\data1\007.bat\007_0060.jpg,2242580542083695104
dataset\data1\007.bat\007_0061.jpg,18229710239787712512
dataset\data1\007.bat\007_0062.jpg,17939210583973595136
dataset\data1\007.bat\007_0063.jpg,4593828442142867968
dataset\data1\007.bat\007_0064.jpg,4557404383597559808
dataset\data1\007.bat\007_0065.jpg,14395689704672985088
dataset\data1\007.bat\007_0066.jpg,9259550817948663808
dataset\data1\007.bat\007_0067.jpg,18366797966807724032
dataset\data1\007.bat\007_0068.jpg,16385163064770784
dataset\data1\007.bat\007_0069.jpg,1161712350254915840
dataset\data1\007.bat\007_0070.jpg,9250635897185171456
dataset\data1\007.bat\007_0071.jpg,2251722301351657472
dataset\data1\007.bat\007_0072.jpg,18433171459940302848
dataset\data1\007.bat\007_0073.jpg,2341898250447120896
dataset\data1\007.bat\007_0074.jpg,578816026940803072
dataset\data1\007.bat\007_0075.jpg,418700930494438272
dataset\data1\007.bat\007_0076.jpg,16167975593808363520
dataset\data1\007.bat\007_0077.jpg,18030575483872872448
dataset\data1\007.bat\007_0078.jpg,15106398269184344064
dataset\data1\007.bat\007_0079.jpg,16178967240940453888
dataset\data1\007.bat\007_0080.jpg,17289267915218026496
dataset\data1\007.bat\007_0081.jpg,18444246539515154432
dataset\data1\007.bat\007_0082.jpg,18442178642807064576
dataset\data1\007.bat\007_0083.jpg,18444427958908125184
dataset\data1\007.bat\007_0084.jpg,16656184600618805248
dataset\data1\007.bat\007_0085.jpg,4595869023032842240
dataset\data1\007.bat\007_0086.jpg,2166860841044034048
dataset\data1\007.bat\007_0087.jpg,18366041585666152448
dataset\data1\007.bat\007_0088.jpg,6854266698217688064
dataset\data1\007.bat\007_0089.jpg,18285671949973684224
dataset\data1\007.bat\007_0090.jpg,17566290348716646400
dataset\data1\007.bat\007_0091.jpg,14775444898097394
dataset\data1\007.bat\007_0092.jpg,18446743244797526016
dataset\data1\007.bat\007_0093.jpg,3973021511413000192
dataset\data1\007.bat\007_0094.jpg,794638763058823168
dataset\data1\007.bat\007_0095.jpg,11966772883876974592
dataset\data1\007.bat\007_0096.jpg,13265365925491118080
dataset\data1\007.bat\007_0097.jpg,4547932511316754432
dataset\data1\007.bat\007_0098.jpg,18442230310050523136
dataset\data1\007.bat\007_0099.jpg,14949421350914347008
dataset\data1\007.bat\007_0100.jpg,17562623375021447168
dataset\data1\007.bat\007_0101.jpg,17938053390820167680
dataset\data1\007.bat\007_0102.jpg,7952345494823267328
dataset\data1\007.bat\007_0103.jpg,13223131471008757760
dataset\data1\007.bat\007_0104.jpg,15262634130353688576
dataset\data1\007.bat\007_0105.jpg,18410353268959201280
dataset\data1\007.bat\007_0106.jpg,16701462366613667840
dataset\data1\008.bathtub\008_0001.jpg,8330788366998169600
dataset\data1\008.bathtub\008_0002.jpg,81981178227195776
dataset\data1\008.bathtub\008_0003.jpg,16123310532282351616
dataset\data1\008.bathtub\008_0004.jpg,6949175647994343424
dataset\data1\008.bathtub\008_0005.jpg,36027697507282480
dataset\data1\008.bathtub\008_0006.jpg,2173620660683422720
dataset\data1\008.bathtub\008_0007.jpg,4070971472418192384
dataset\data1\008.bathtub\008_0008.jpg,34079722765307
dataset\data1\008.bathtub\008_0009.jpg,13649882791198416
dataset\data1\008.bathtub\008_0010.jpg,873164504001608448
dataset\data1\008.bathtub\008_0011.jpg,11600286245007785984
dataset\data1\008.bathtub\008_0012.jpg,9068876880445312
dataset\data1\008.bathtub\008_0013.jpg,12752503061031938048
dataset\data1\008.bathtub\008_0014.jpg,14006333925046052864
dataset\data1\008.bathtub\008_0015.jpg,17282552548477140992
dataset\data1\008.bathtub\008_0016.jpg,18292992220330455040
dataset\data1\008.bathtub\008_0017.jpg,15293729821654155264
dataset\data1\008.bathtub\008_0018.jpg,35534558996627008
dataset\data1\008.bathtub\008_0019.jpg,4900507371278572544
dataset\data1\008.bathtub\008_0020.jpg,65420660117762
dataset\data1\008.bathtub\008_0021.jpg,4562008125536210944
dataset\data1\008.bathtub\008_0022.jpg,3529950195137540096
dataset\data1\008.bathtub\008_0023.jpg,17168046183284992
dataset\data1\008.bathtub\008_0024.jpg,18446677836219613184
dataset\data1\008.bathtub\008_0025.jpg,4586862630038206464
dataset\data1\008.bathtub\008_0026.jpg,8678576114538434560
dataset\data1\008.bathtub\008_0027.jpg,14698499930482900992
dataset\data1\008.bathtub\008_0028.jpg,18374263701298216960
dataset\data1\008.bathtub\008_0029.jpg,2197317500700378112
dataset\data1\008.bathtub\008_0030.jpg,9259542129606893568
dataset\data1\008.bathtub\008_0031.jpg,282734400339775
dataset\data1\008.bathtub\008_0032.jpg,18084343940942782464
dataset\data1\008.bathtub\008_0033.jpg,1170936009949353728
dataset\data1\008.bathtub\008_0034.jpg,27294826403690496
dataset\data1\008.bathtub\008_0035.jpg,2323363170770485248
dataset\data1\008.bathtub\008_0036.jpg,2387158364043077632
dataset\data1\008.bathtub\008_0037.jpg,18378774502795046912
dataset\data1\008.bathtub\008_0038.jpg,21990249332592
dataset\data1\008.bathtub\008_0039.jpg,17475304422847340544
dataset\data1\008.bathtub\008_0040.jpg,18229692777480732672
dataset\data1\008.bathtub\008_0041.jpg,10366098800344776704
dataset\data1\008.bathtub\008_0042.jpg,19349478743015440
dataset\data1\008.bathtub\008_0043.jpg,35039778761085212
dataset\data1\008.bathtub\008_0044.jpg,1017566190956148992
dataset\data1\008.bathtub\008_0045.jpg,13962108194652274688
dataset\data1\008.bathtub\008_0046.jpg,1731773140328709888
dataset\data1\008.bathtub\008_0047.jpg,504400958972642816
dataset\data1\008.bathtub\008_0048.jpg,9205225162352873472
dataset\data1\008.bathtub\008_0049.jpg,10306425950237237248
dataset\data1\008.bathtub\008_0050.jpg,18374969178934020096
dataset\data1\008.bathtub\008_0051.jpg,17933545375413682176
dataset\data1\008.bathtub\008_0052.jpg,1142788456967617792
dataset\data1\008.bathtub\008_0053.jpg,9286554631787796480
dataset\data1\008.bathtub\008_0054.jpg,2276259584278511
dataset\data1\008.bathtub\008_0055.jpg,7420048661596
dataset\data1\008.bathtub\008_0056.jpg,9168883534935828480
dataset\data1\008.bathtub\008_0057.jpg,4331931764432780288
dataset\data1\008.bathtub\008_0058.jpg,17927949128557912064
dataset\data1\008.bathtub\008_0059.jpg,281474841968483
dataset\data1\008.bathtub\008_0060.jpg,2188753335641603840
dataset\data1\008.bathtub\008_0061.jpg,506376786219724800
dataset\data1\008.bathtub\008_0062.jpg,9952813474479745024
dataset\data1\008.bathtub\008_0063.jpg,3474736563013451264
dataset\data1\008.bathtub\008_0064.jpg,18411470601196789760
dataset\data1\008.bathtub\008_0065.jpg,4640759151788031
dataset\data1\008.bathtub\008_0066.jpg,1105666006268174336
dataset\data1\008.bathtub\008_0067.jpg,4395082469648523776
dataset\data1\008.bathtub\008_0068.jpg,17358711899431043072
dataset\data1\008.bathtub\008_0069.jpg,232810092434994880
dataset\data1\008.bathtub\008_0070.jpg,9259681050403995648
dataset\data1\008.bathtub\008_0071.jpg,212141260898174
dataset\data1\008.bathtub\008_0072.jpg,35039275640347412
dataset\data1\008.bathtub\008_0073.jpg,8134877256846786560
dataset\data1\008.bathtub\008_0074.jpg,18442208523702564864
dataset\data1\008.bathtub\008_0075.jpg,9223373132067504128
dataset\data1\008.bathtub\008_0076.jpg,74048909371866880
dataset\data1\008.bathtub\008_0077.jpg,8899112572064367616
dataset\data1\008.bathtub\008_0078.jpg,8211123171009562624
dataset\data1\008.bathtub\008_0079.jpg,72057596512534144
dataset\data1\008.bathtub\008_0080.jpg,239766098276908288
dataset\data1\008.bathtub\008_0081.jpg,17177895863906274
dataset\data1\008.bathtub\008_0082.jpg,13943568315604566016
dataset\data1\008.bathtub\008_0083.jpg,10308461789427499008
dataset\data1\008.bathtub\008_0084.jpg,362314640955221888
dataset\data1\008.bathtub\008_0085.jpg,3777957120189732864
dataset\data1\008.bathtub\008_0086.jpg,15200498695180582912
dataset\data1\008.bathtub\008_0087.jpg,15798332810534896
dataset\data1\008.bathtub\008_0088.jpg,14343699895416780800
dataset\data1\008.bathtub\008_0089.jpg,3495005516580507648
dataset\data1\008.bathtub\008_0090.jpg,898604732969780992
dataset\data1\008.bathtub\008_0091.jpg,34952113125256960
dataset\data1\008.bathtub\008_0092.jpg,89070337446080736
dataset\data1\008.bathtub\008_0093.jpg,17904689492751292416
dataset\data1\008.bathtub\008_0094.jpg,16942399407084011520
dataset\data1\008.bathtub\008_0095.jpg,15925814039368169472
dataset\data1\008.bathtub\008_0096.jpg,651216924607
dataset\data1\008.bathtub\008_0097.jpg,2260595178685086720
dataset\data1\008.bathtub\008_0098.jpg,4473763561159458304
dataset\data1\008.bathtub\008_0099.jpg,74617928145661184
dataset\data1\008.bathtub\008_0100.jpg,18374379648120258560
dataset\data1\008.bathtub\008_0101.jpg,3526458679595072000
dataset\data1\008.bathtub\008_0102.jpg,2240611322930198784
dataset\data1\008.bathtub\008_0103.jpg,9729199135780831232
dataset\data1\008.bathtub\008_0104.jpg,2569197637091761152
dataset\data1\008.bathtub\008_0105.jpg,603500054476356608
dataset\data1\008.bathtub\008_0106.jpg,1444599391926058752
dataset\data1\008.bathtub\008_0107.jpg,835620764745710080
dataset\data1\008.bathtub\008_0108.jpg,603747164211443968
dataset\data1\008.bathtub\008_0109.jpg,17361590359712235520
dataset\data1\008.bathtub\008_0110.jpg,9259655585362081792
dataset\data1\008.bathtub\008_0111.jpg,13868972477718138880
dataset\data1\008.bathtub\008_0112.jpg,18142486250098233344
dataset\data1\008.bathtub\008_0113.jpg,2179866434211773952
dataset\data1\008.bathtub\008_0114.jpg,2035203719577468928
dataset\data1\008.bathtub\008_0115.jpg,14089511176054734848
dataset\data1\008.bathtub\008_0116.jpg,363721655756585472
dataset\data1\008.bathtub\008_0117.jpg,8699969734272811008
dataset\data1\008.bathtub\008_0118.jpg,18267322007400019968
dataset\data1\008.bathtub\008_0119.jpg,11494179811946053632
dataset\data1\008.bathtub\008_0120.jpg,1167763713229103104
dataset\data1\008.bathtub\008_0121.jpg,228847400245882624
dataset\data1\008.bathtub\008_0122.jpg,18442523602620184576
dataset\data1\008.bathtub\008_0123.jpg,2095634668054272
dataset\data1\008.bathtub\008_0124.jpg,2251526065607345920
dataset\data1\008.bathtub\008_0125.jpg,4503599667609471
dataset\data1\008.bathtub\008_0126.jpg,14337209401000183808
dataset\data1\008.bathtub\008_0127.jpg,137436788156415
dataset\data1\008.bathtub\008_0128.jpg,4481768535780799488
dataset\data1\008.bathtub\008_0129.jpg,17361641529646004224
dataset\data1\008.bathtub\008_0130.jpg,18001309923065004032
dataset\data1\008.bathtub\008_0131.jpg,13871192889891811328
dataset\data1\008.bathtub\008_0132.jpg,17867461396913260544
dataset\data1\008.bathtub\008_0133.jpg,18038860470352168
dataset\data1\008.bathtub\008_0134.jpg,271273237735678
dataset\data1\008.bathtub\008_0135.jpg,2053212871607811840
dataset\data1\008.bathtub\008_0136.jpg,20346229904703056
dataset\data1\008.bathtub\008_0137.jpg,4574319506869190656
dataset\data1\008.bathtub\008_0138.jpg,25437606820740632
dataset\data1\008.bathtub\008_0139.jpg,4561652461537604608
dataset\data1\008.bathtub\008_0140.jpg,9144631740529788
dataset\data1\008.bathtub\008_0141.jpg,408964567565827968
dataset\data1\008.bathtub\008_0142.jpg,20517715642975880
dataset\data1\008.bathtub\008_0143.jpg,18443297656686510080
dataset\data1\008.bathtub\008_0144.jpg,724126124631604992
dataset\data1\008.bathtub\008_0145.jpg,8088463541798
dataset\data1\008.bathtub\008_0146.jpg,17650666609159106560
dataset\data1\008.bathtub\008_0147.jpg,17940362863910385664
dataset\data1\008.bathtub\008_0148.jpg,215246044135422
dataset\data1\008.bathtub\008_0149.jpg,14612443510299252736
dataset\data1\008.bathtub\008_0150.jpg,18446743503485534208
dataset\data1\008.bathtub\008_0151.jpg,13672381042602065920
dataset\data1\008.bathtub\008_0152.jpg,18383689557636808704
dataset\data1\008.bathtub\008_0153.jpg,9777943968546040
dataset\data1\008.bathtub\008_0154.jpg,3689679830802161664
dataset\data1\008.bathtub\008_0155.jpg,71918578089447920
dataset\data1\008.bathtub\008_0156.jpg,16109243417016373248
dataset\data1\008.bathtub\008_0157.jpg,6822735400398703
dataset\data1\008.bathtub\008_0158.jpg,3957276014413314
dataset\data1\008.bathtub\008_0159.jpg,434314647279820352
dataset\data1\008.bathtub\008_0160.jpg,6917549209675036672
dataset\data1\008.bathtub\008_0161.jpg,72375909061815792
dataset\data1\008.bathtub\008_0162.jpg,7604014096568287
dataset\data1\008.bathtub\008_0163.jpg,9223150495058085888
dataset\data1\008.bathtub\008_0164.jpg,16195085554784665600
dataset\data1\008.bathtub\008_0165.jpg,18410856619752554496
dataset\data1\008.bathtub\008_0166.jpg,66169353338623
dataset\data1\008.bathtub\008_0167.jpg,349092785895548
dataset\data1\008.bathtub\008_0168.jpg,9280968367164919808
dataset\data1\008.bathtub\008_0169.jpg,1946399735602445312
dataset\data1\008.bathtub\008_0170.jpg,16194891069313056768
dataset\data1\008.bathtub\008_0171.jpg,72902282545987968
dataset\data1\008.bathtub\008_0172.jpg,2035204810502828032
dataset\data1\008.bathtub\008_0173.jpg,206969075694652
dataset\data1\008.bathtub\008_0174.jpg,16138913285178093568
dataset\data1\008.bathtub\008_0175.jpg,4593733709931308544
dataset\data1\008.bathtub\008_0176.jpg,4512394614413344256
dataset\data1\008.bathtub\008_0177.jpg,9464344021326358528
dataset\data1\008.bathtub\008_0178.jpg,1168734130939035648
dataset\data1\008.bathtub\008_0179.jpg,4400149311731527680
dataset\data1\008.bathtub\008_0180.jpg,508799863934152640
dataset\data1\008.bathtub\008_0181.jpg,2044204290624307200
dataset\data1\008.bathtub\008_0182.jpg,18412832669696933888
dataset\data1\008.bathtub\008_0183.jpg,9732206106485448704
dataset\data1\008.bathtub\008_0184.jpg,722548568299276160
dataset\data1\008.bathtub\008_0185.jpg,4627728436095778816
dataset\data1\008.bathtub\008_0186.jpg,38265232659832592
dataset\data1\008.bathtub\008_0187.jpg,8681946905162288128
dataset\data1\008.bathtub\008_0188.jpg,35747317730442364
dataset\data1\008.bathtub\008_0189.jpg,1139229329454975
dataset\data1\008.bathtub\008_0190.jpg,5192672024436998144
dataset\data1\008.bathtub\008_0191.jpg,6368214470152879104
dataset\data1\008.bathtub\008_0192.jpg,4928226035838221312
dataset\data1\008.bathtub\008_0193.jpg,30987090034236
dataset\data1\008.bathtub\008_0194.jpg,18211639059597324288
dataset\data1\008.bathtub\008_0195.jpg,6949248821898450944
dataset\data1\008.bathtub\008_0196.jpg,8100291142595117056
dataset\data1\008.bathtub\008_0197.jpg,17906345216453838848
dataset\data1\008.bathtub\008_0198.jpg,108085562195773216
dataset\data1\008.bathtub\008_0199.jpg,13896101917576118272
dataset\data1\008.bathtub\008_0200.jpg,18446742974214701056
dataset\data1\008.bathtub\008_0201.jpg,284805715427199
dataset\data1\008.bathtub\008_0202.jpg,9331598061861928960
dataset\data1\008.bathtub\008_0203.jpg,1783699228392848384
dataset\data1\008.bathtub\008_0204.jpg,9007200049192303616
dataset\data1\008.bathtub\008_0205.jpg,2498966591373291
dataset\data1\008.bathtub\008_0206.jpg,11493044958031253504
dataset\data1\008.bathtub\008_0207.jpg,815221915226882688
dataset\data1\008.bathtub\008_0208.jpg,69975226894499776
dataset\data1\008.bathtub\008_0209.jpg,3472561168529228800
dataset\data1\008.bathtub\008_0210.jpg,9167495700982726656
dataset\data1\008.bathtub\008_0211.jpg,9332451908440162304
dataset\data1\008.bathtub\008_0212.jpg,13622294301440212992
dataset\data1\008.bathtub\008_0213.jpg,13674052715159160832
dataset\data1\008.bathtub\008_0214.jpg,323413640646698752
dataset\data1\008.bathtub\008_0215.jpg,2321392845906827264
dataset\data1\008.bathtub\008_0216.jpg,31662082277506944
dataset\data1\008.bathtub\008_0217.jpg,8004878987263
dataset\data1\008.bathtub\008_0218.jpg,194583476500989
dataset\data1\008.bathtub\008_0219.jpg,1672615688037940480
dataset\data1\008.bathtub\008_0220.jpg,18443271290140786688
dataset\data1\008.bathtub\008_0221.jpg,270286747397923520
dataset\data1\008.bathtub\008_0222.jpg,4484527640425864704
dataset\data1\008.bathtub\008_0223.jpg,13835331277462323200
dataset\data1\008.bathtub\008_0224.jpg,12898333794766895104
dataset\data1\008.bathtub\008_0225.jpg,18416205692307249152
dataset\data1\008.bathtub\008_0226.jpg,9222420676300800000
dataset\data1\008.bathtub\008_0227.jpg,17363333638123483136
dataset\data1\008.bathtub\008_0228.jpg,18085113613795745792
dataset\data1\008.bathtub\008_0229.jpg,9222809061030608896
dataset\data1\008.bathtub\008_0230.jpg,18374071821680035840
dataset\data1\008.bathtub\008_0231.jpg,220461361753098176
dataset\data1\008.bathtub\008_0232.jpg,2240431536690143232
dataset\data1\009.bear\009_0001.jpg,11971278537340874752
dataset\data1\009.bear\009_0002.jpg,4697396814402750464
dataset\data1\009.bear\009_0003.jpg,9349704277022785536
dataset\data1\009.bear\009_0004.jpg,15817082802229276672
dataset\data1\009.bear\009_0005.jpg,9091642026658562048
dataset\data1\009.bear\009_0006.jpg,4602465718041616896
dataset\data1\009.bear\009_0007.jpg,18372682969832984576
dataset\data1\009.bear\009_0008.jpg,2351019745424243712
dataset\data1\009.bear\009_0009.jpg,16177132583948791808
dataset\data1\009.bear\009_0010.jpg,18383561478811947008
dataset\data1\009.bear\009_0011.jpg,18411139429473443840
dataset\data1\009.bear\009_0012.jpg,14952179670147203072
dataset\data1\009.bear\009_0013.jpg,13862344501683664896
dataset\data1\009.bear\009_0014.jpg,13814512607145891840
dataset\data1\009.bear\009_0015.jpg,17941074213235105792
dataset\data1\009.bear\009_0016.jpg,18431868901596925952
dataset\data1\009.bear\009_0017.jpg,9513367752105097216
dataset\data1\009.bear\009_0018.jpg,16204198715723153408
dataset\data1\009.bear\009_0019.jpg,17429071851760183296
dataset\data1\009.bear\009_0020.jpg,18445172186575536128
dataset\data1\009.bear\009_0021.jpg,51985858764009720
dataset\data1\009.bear\009_0022.jpg,10952628298956148736
dataset\data1\009.bear\009_0023.jpg,142669181743615
dataset\data1\009.bear\009_0024.jpg,4106289383667738624
dataset\data1\009.bear\009_0025.jpg,2683129993857897984
dataset\data1\009.bear\009_0026.jpg,3976398675651036160
dataset\data1\009.bear\009_0027.jpg,9223318465749188608
dataset\data1\009.bear\009_0028.jpg,6552002863480152
dataset\data1\009.bear\009_0029.jpg,16627720290635862016
dataset\data1\009.bear\009_0030.jpg,3494062096990093312
dataset\data1\009.bear\009_0031.jpg,9880416051638784000
dataset\data1\009.bear\009_0032.jpg,4760148053438128128
dataset\data1\009.bear\009_0033.jpg,15194047263752321024
dataset\data1\009.bear\009_0034.jpg,14376480709424676864
dataset\data1\009.bear\009_0035.jpg,11532230666785513472
dataset\data1\009.bear\009_0036.jpg,18339152195555020800
dataset\data1\009.bear\009_0037.jpg,18411139145964544000
dataset\data1\009.bear\009_0038.jpg,13835119888265326592
dataset\data1\009.bear\009_0039.jpg,18383556838613893120
dataset\data1\009.bear\009_0040.jpg,18096948900916600832
dataset\data1\009.bear\009_0041.jpg,18437948944917843968
dataset\data1\009.bear\009_0042.jpg,4361392036430131200
dataset\data1\009.bear\009_0043.jpg,12358723466931988480
dataset\data1\009.bear\009_0044.jpg,12925374326902847488
dataset\data1\009.bear\009_0045.jpg,76570528608942080
dataset\data1\009.bear\009_0046.jpg,9282183543608365056
dataset\data1\009.bear\009_0047.jpg,220411464115494816
dataset\data1\009.bear\009_0048.jpg,10655464285397190656
dataset\data1\009.bear\009_0049.jpg,11296882224131141632
dataset\data1\009.bear\009_0050.jpg,18392443531810963456
dataset\data1\009.bear\009_0051.jpg,1152929270190899200
dataset\data1\009.bear\009_0052.jpg,18411139429473550336
dataset\data1\009.bear\009_0053.jpg,18440061558056353792
dataset\data1\009.bear\009_0054.jpg,2254263136291846144
dataset\data1\009.bear\009_0055.jpg,16598333483675842560
dataset\data1\009.bear\009_0056.jpg,1587315765267103488
dataset\data1\009.bear\009_0057.jpg,4256184228800743936
dataset\data1\009.bear\009_0058.jpg,18420445756948088832
dataset\data1\009.bear\009_0059.jpg,14970098184503701504
dataset\data1\009.bear\009_0060.jpg,17363839535243147264
dataset\data1\009.bear\009_0061.jpg,18356813385015750656
dataset\data1\009.bear\009_0062.jpg,17023642272441319424
dataset\data1\009.bear\009_0063.jpg,6305626660916742144
dataset\data1\009.bear\009_0064.jpg,1126178993242111
dataset\data1\009.bear\009_0065.jpg,18368233874401525760
dataset\data1\009.bear\009_0066.jpg,1556391659543558
dataset\data1\009.bear\009_0067.jpg,18446606704012435456
dataset\data1\009.bear\009_0068.jpg,10092020803601133568
dataset\data1\009.bear\009_0069.jpg,2841771086221762560
dataset\data1\009.bear\009_0070.jpg,216402519696474112
dataset\data1\009.bear\009_0071.jpg,689812013055
dataset\data1\009.bear\009_0072.jpg,18410856860149063680
dataset\data1\009.bear\009_0073.jpg,18419864871055917056
dataset\data1\009.bear\009_0074.jpg,18384371512753537024
dataset\data1\009.bear\009_0075.jpg,433476686950629120
dataset\data1\009.bear\009_0076.jpg,17767176962259840
dataset\data1\009.bear\009_0077.jpg,18446603440254615552
dataset\data1\009.bear\009_0078.jpg,18376727963491086336
dataset\data1\009.bear\009_0079.jpg,1839227866638188544
dataset\data1\009.bear\009_0080.jpg,12361115996619079680
dataset\data1\009.bear\009_0081.jpg,18426197745894162432
dataset\data1\009.bear\009_0082.jpg,18446730675023249408
dataset\data1\009.bear\009_0083.jpg,18105314661914103808
dataset\data1\009.bear\009_0084.jpg,18150601487464792064
dataset\data1\009.bear\009_0085.jpg,13789743912883525632
dataset\data1\009.bear\009_0086.jpg,16077583630206918656
dataset\data1\009.bear\009_0087.jpg,14389458488862441472
dataset\data1\009.bear\009_0088.jpg,16204207511872790528
dataset\data1\009.bear\009_0089.jpg,506388906583411712
dataset\data1\009.bear\009_0090.jpg,72347373598903232
dataset\data1\009.bear\009_0091.jpg,1801147959719395072
dataset\data1\009.bear\009_0092.jpg,8095484204386152448
dataset\data1\009.bear\009_0093.jpg,4611119234679475200
dataset\data1\009.bear\009_0094.jpg,8931697447668369408
dataset\data1\009.bear\009_0095.jpg,18444954495657177088
dataset\data1\009.bear\009_0096.jpg,14339461250742288384
dataset\data1\009.bear\009_0097.jpg,17852221376665485312
dataset\data1\009.bear\009_0098.jpg,18442147986573418496
dataset\data1\009.bear\009_0099.jpg,2505100848426579968
dataset\data1\009.bear\009_0100.jpg,106098576912630
dataset\data1\009.bear\009_0101.jpg,17869975077637283840
dataset\data1\009.bear\009_0102.jpg,18390228080842014720
dataset\data1\010.beer-mug\010_0001.jpg,2035273807005957888
dataset\data1\010.beer-mug\010_0002.jpg,14394370563349807104
dataset\data1\010.beer-mug\010_0003.jpg,18375110347855069184
dataset\data1\010.beer-mug\010_0004.jpg,13250119938970083328
dataset\data1\010.beer-mug\010_0005.jpg,16406843520846782464
dataset\data1\010.beer-mug\010_0006.jpg,2175010132394426112
dataset\data1\010.beer-mug\010_0007.jpg,18429014878191550464
dataset\data1\010.beer-mug\010_0008.jpg,16711145046688786432
dataset\data1\010.beer-mug\010_0009.jpg,8933865157838867456
dataset\data1\010.beer-mug\010_0010.jpg,15824379526262784
dataset\data1\010.beer-mug\010_0011.jpg,18381507971012919296
dataset\data1\010.beer-mug\010_0012.jpg,13953824844121634816
dataset\data1\010.beer-mug\010_0013.jpg,4476613595565318144
dataset\data1\010.beer-mug\010_0014.jpg,305184902297202176
dataset\data1\010.beer-mug\010_0015.jpg,8680792153266879488
dataset\data1\010.beer-mug\010_0016.jpg,4577922336149150720
dataset\data1\010.beer-mug\010_0017.jpg,13898497448684838912
dataset\data1\010.beer-mug\010_0018.jpg,18446723747905120256
dataset\data1\010.beer-mug\010_0019.jpg,18438796682933282816
dataset\data1\010.beer-mug\010_0020.jpg,579917512973475712
dataset\data1\010.beer-mug\010_0021.jpg,1745195467904915456
dataset\data1\010.beer-mug\010_0022.jpg,7529592501149924352
dataset\data1\010.beer-mug\010_0023.jpg,9799823747635677184
dataset\data1\010.beer-mug\010_0024.jpg,2034569362121952768
dataset\data1\010.beer-mug\010_0025.jpg,9150863789816547328
dataset\data1\010.beer-mug\010_0026.jpg,16717238428856598528
dataset\data1\010.beer-mug\010_0027.jpg,17798650302178920448
dataset\data1\010.beer-mug\010_0028.jpg,18154504059187478528
dataset\data1\010.beer-mug\010_0029.jpg,1108976259137355648
dataset\data1\010.beer-mug\010_0030.jpg,10362645885720446976
dataset\data1\010.beer-mug\010_0031.jpg,2524913069670024192
dataset\data1\010.beer-mug\010_0032.jpg,17996810462842839040
dataset\data1\010.beer-mug\010_0033.jpg,17718758493092313088
dataset\data1\010.beer-mug\010_0034.jpg,18446071740680175616
dataset\data1\010.beer-mug\010_0035.jpg,16654909556357132288
dataset\data1\010.beer-mug\010_0036.jpg,8512823260749312
dataset\data1\010.beer-mug\010_0037.jpg,27156555235065856
dataset\data1\010.beer-mug\010_0038.jpg,18312204058439450624
dataset\data1\010.beer-mug\010_0039.jpg,14536370258538635264
dataset\data1\010.beer-mug\010_0040.jpg,14377642579452753920
dataset\data1\010.beer-mug\010_0041.jpg,3389928549786203136
dataset\data1\010.beer-mug\010_0042.jpg,4332526872621893120
dataset\data1\010.beer-mug\010_0043.jpg,2315175268273011200
dataset\data1\010.beer-mug\010_0044.jpg,2033971210248136704
dataset\data1\010.beer-mug\010_0045.jpg,8140530074684815360
dataset\data1\010.beer-mug\010_0046.jpg,5332261967396355072
dataset\data1\010.beer-mug\010_0047.jpg,16492336198239713280
dataset\data1\010.beer-mug\010_0048.jpg,16421768979277774848
dataset\data1\010.beer-mug\010_0049.jpg,14961991002888060928
dataset\data1\010.beer-mug\010_0050.jpg,57420895247122400
dataset\data1\010.beer-mug\010_0051.jpg,1223950085217070080
dataset\data1\010.beer-mug\010_0052.jpg,18412828017070694400
dataset\data1\010.beer-mug\010_0053.jpg,291821348862879744
dataset\data1\010.beer-mug\010_0054.jpg,7942975482501120
dataset\data1\010.beer-mug\010_0055.jpg,15563875084864454656
dataset\data1\010.beer-mug\010_0056.jpg,300624120611856384
dataset\data1\010.beer-mug\010_0057.jpg,3413504581173247
dataset\data1\010.beer-mug\010_0058.jpg,8790814792482816000
dataset\data1\010.beer-mug\010_0059.jpg,868666966779363328
dataset\data1\010.beer-mug\010_0060.jpg,940418891083808768
dataset\data1\010.beer-mug\010_0061.jpg,37614382591
dataset\data1\010.beer-mug\010_0062.jpg,18443352699335315456
dataset\data1\010.beer-mug\010_0063.jpg,35658671587328
dataset\data1\010.beer-mug\010_0064.jpg,18438829516850984960
dataset\data1\010.beer-mug\010_0065.jpg,18446677294549041152
dataset\data1\010.beer-mug\010_0066.jpg,7347598643897856
dataset\data1\010.beer-mug\010_0067.jpg,10450531945466134528
dataset\data1\010.beer-mug\010_0068.jpg,52961295416621312
dataset\data1\010.beer-mug\010_0069.jpg,16412194529173561344
dataset\data1\010.beer-mug\010_0070.jpg,17970033525262084096
dataset\data1\010.beer-mug\010_0071.jpg,13823595659841708032
dataset\data1\010.beer-mug\010_0072.jpg,18410857667766616064
dataset\data1\010.beer-mug\010_0073.jpg,13834301595545761792
dataset\data1\010.beer-mug\010_0074.jpg,16420548385548926976
dataset\data1\010.beer-mug\010_0075.jpg,3473149640105144320
dataset\data1\010.beer-mug\010_0076.jpg,7894622504623128
dataset\data1\010.beer-mug\010_0077.jpg,3459949793722236928
dataset\data1\010.beer-mug\010_0078.jpg,73014682175168544
dataset\data1\010.beer-mug\010_0079.jpg,18376792591967148032
dataset\data1\010.beer-mug\010_0080.jpg,895227300041735680
dataset\data1\010.beer-mug\010_0081.jpg,18434343239395297280
dataset\data1\010.beer-mug\010_0082.jpg,16249375859918561280
dataset\data1\010.beer-mug\010_0083.jpg,4557501256935407616
dataset\data1\010.beer-mug\010_0084.jpg,9728063293003728896
dataset\data1\010.beer-mug\010_0085.jpg,1159703550968208384
dataset\data1\010.beer-mug\010_0086.jpg,18438725900761825280
dataset\data1\010.beer-mug\010_0087.jpg,14350569609708929024
dataset\data1\010.beer-mug\010_0088.jpg,3459953070798583296
dataset\data1\010.beer-mug\010_0089.jpg,1595528194299069952
dataset\data1\010.beer-mug\010_0090.jpg,576680473667039232
dataset\data1\010.beer-mug\010_0091.jpg,18429153937469726720
dataset\data1\010.beer-mug\010_0092.jpg,18446743319409065984
dataset\data1\010.beer-mug\010_0093.jpg,16181714918921945088
dataset\data1\010.beer-mug\010_0094.jpg,14376478658014738432
