dataset\data1\001.ak47\001_0001.jpg,73777300033962240
dataset\data1\001.ak47\001_0002.jpg,1765694883122881536
dataset\data1\001.ak47\001_0003.jpg,180155146423209088
dataset\data1\001.ak47\001_0004.jpg,854676707475497
dataset\data1\001.ak47\001_0005.jpg,10547447077112176640
dataset\data1\001.ak47\001_0006.jpg,11577890273562244
dataset\data1\001.ak47\001_0007.jpg,915110608604303360
dataset\data1\001.ak47\001_0008.jpg,289639683255179712
dataset\data1\001.ak47\001_0009.jpg,9224290141967235072
dataset\data1\001.ak47\001_0010.jpg,5093660574883223552
dataset\data1\001.ak47\001_0011.jpg,72903118630879520
dataset\data1\001.ak47\001_0012.jpg,2594936519240253440
dataset\data1\001.ak47\001_0013.jpg,3459822244023733248
dataset\data1\001.ak47\001_0014.jpg,847738658436167
dataset\data1\001.ak47\001_0015.jpg,1333369610699606016
dataset\data1\001.ak47\001_0016.jpg,2885943162011717
dataset\data1\001.ak47\001_0017.jpg,8798811129917
dataset\data1\001.ak47\001_0018.jpg,1180088277768806656
dataset\data1\001.ak47\001_0019.jpg,292804359573016576
dataset\data1\001.ak47\001_0020.jpg,1765419858665345280
dataset\data1\001.ak47\001_0021.jpg,829845895674658816
dataset\data1\001.ak47\001_0022.jpg,74052177940910144
dataset\data1\001.ak47\001_0023.jpg,9296556630379415552
dataset\data1\001.ak47\001_0024.jpg,13835342833181792256
dataset\data1\001.ak47\001_0025.jpg,72374262043836432
dataset\data1\001.ak47\001_0026.jpg,144682611256802304
dataset\data1\001.ak47\001_0027.jpg,9226769813418344448
dataset\data1\001.ak47\001_0028.jpg,360301164387962944
dataset\data1\001.ak47\001_0029.jpg,10376329341490497536
dataset\data1\001.ak47\001_0030.jpg,1631920488395469
dataset\data1\001.ak47\001_0031.jpg,9042439616676504
dataset\data1\001.ak47\001_0032.jpg,779693943923190144
dataset\data1\001.ak47\001_0033.jpg,865841505433110656
dataset\data1\001.ak47\001_0034.jpg,317763207009349
dataset\data1\001.ak47\001_0035.jpg,291374906176653
dataset\data1\001.ak47\001_0036.jpg,4506903019887687
dataset\data1\001.ak47\001_0037.jpg,4612255566147580928
dataset\data1\001.ak47\001_0038.jpg,1107131904285
dataset\data1\001.ak47\001_0039.jpg,2342997719075328000
dataset\data1\001.ak47\001_0040.jpg,648943857879351552
dataset\data1\001.ak47\001_0041.jpg,1
dataset\data1\001.ak47\001_0042.jpg,6926856322303984640
dataset\data1\001.ak47\001_0043.jpg,72902036164902912
dataset\data1\001.ak47\001_0044.jpg,3515160251398790656
dataset\data1\001.ak47\001_0045.jpg,1
dataset\data1\001.ak47\001_0046.jpg,860370584040593
dataset\data1\001.ak47\001_0047.jpg,14484566804474900480
dataset\data1\001.ak47\001_0048.jpg,2546478325432355
dataset\data1\001.ak47\001_0049.jpg,78253639017696256
dataset\data1\001.ak47\001_0050.jpg,4684869527740761088
dataset\data1\001.ak47\001_0051.jpg,4960716598014795776
dataset\data1\001.ak47\001_0052.jpg,144688038264438784
dataset\data1\001.ak47\001_0053.jpg,168957760541896832
dataset\data1\001.ak47\001_0054.jpg,74327014006390784
dataset\data1\001.ak47\001_0055.jpg,1160530267358692352
dataset\data1\001.ak47\001_0056.jpg,1875965041990306816
dataset\data1\001.ak47\001_0057.jpg,81418900013712720
dataset\data1\001.ak47\001_0058.jpg,5066553875851143
dataset\data1\001.ak47\001_0059.jpg,1226672347105788672
dataset\data1\001.ak47\001_0060.jpg,540574415123941888
dataset\data1\001.ak47\001_0061.jpg,180216699734394944
dataset\data1\001.ak47\001_0062.jpg,72908616575287296
dataset\data1\001.ak47\001_0063.jpg,4226301298247
dataset\data1\001.ak47\001_0064.jpg,845537377533957
dataset\data1\001.ak47\001_0065.jpg,4926911607278855
dataset\data1\001.ak47\001_0066.jpg,145817266453414976
dataset\data1\001.ak47\001_0067.jpg,3463842084299079680
dataset\data1\001.ak47\001_0068.jpg,8054722777062504448
dataset\data1\001.ak47\001_0069.jpg,14222984839237484544
dataset\data1\001.ak47\001_0070.jpg,370438662662586432
dataset\data1\001.ak47\001_0071.jpg,282575025275655
dataset\data1\001.ak47\001_0072.jpg,874332746028683392
dataset\data1\001.ak47\001_0073.jpg,33556481
dataset\data1\001.ak47\001_0074.jpg,505390388451476352
dataset\data1\001.ak47\001_0075.jpg,1130710588984149
dataset\data1\001.ak47\001_0076.jpg,1348384472456896768
dataset\data1\001.ak47\001_0077.jpg,72070805375221760
dataset\data1\001.ak47\001_0078.jpg,290772451884992128
dataset\data1\001.ak47\001_0079.jpg,182397039341543680
dataset\data1\001.ak47\001_0080.jpg,563229280502301
dataset\data1\001.ak47\001_0081.jpg,657528895804866560
dataset\data1\001.ak47\001_0082.jpg,4767492743516058624
dataset\data1\001.ak47\001_0083.jpg,13926568290141902848
dataset\data1\001.ak47\001_0084.jpg,4431830365442879488
dataset\data1\001.ak47\001_0085.jpg,297803909903156288
dataset\data1\001.ak47\001_0086.jpg,3494794411492179968
dataset\data1\001.ak47\001_0087.jpg,16578625222254301184
dataset\data1\001.ak47\001_0088.jpg,1225054965505015808
dataset\data1\001.ak47\001_0089.jpg,218464233116073984
dataset\data1\001.ak47\001_0090.jpg,533264422437685
dataset\data1\001.ak47\001_0091.jpg,1481842070258778880
dataset\data1\001.ak47\001_0092.jpg,326591458866102400
dataset\data1\001.ak47\001_0093.jpg,9042933517976132
dataset\data1\001.ak47\001_0094.jpg,1227380586692808704
dataset\data1\001.ak47\001_0095.jpg,17357523241643323392
dataset\data1\001.ak47\001_0096.jpg,2603187808886669824
dataset\data1\001.ak47\001_0097.jpg,1271052623749923
dataset\data1\001.ak47\001_0098.jpg,5280749138133891
dataset\data1\002.american-flag\002_0001.jpg,441646683219505152
dataset\data1\002.american-flag\002_0002.jpg,433196594867862592
dataset\data1\002.american-flag\002_0003.jpg,5233557051225061376
dataset\data1\002.american-flag\002_0004.jpg,3300734868993
dataset\data1\002.american-flag\002_0005.jpg,2436599287131415040
dataset\data1\002.american-flag\002_0006.jpg,153124370665964288
dataset\data1\002.american-flag\002_0007.jpg,16973841
dataset\data1\002.american-flag\002_0008.jpg,2293061539369207808
dataset\data1\002.american-flag\002_0009.jpg,10050178774970238976
dataset\data1\002.american-flag\002_0010.jpg,15763877028457408512
dataset\data1\002.american-flag\002_0011.jpg,2251800082318413
dataset\data1\002.american-flag\002_0012.jpg,9813378807996880896
dataset\data1\002.american-flag\002_0013.jpg,72638136177984272
dataset\data1\002.american-flag\002_0014.jpg,11531459312936327168
dataset\data1\002.american-flag\002_0015.jpg,72340172972315216
dataset\data1\002.american-flag\002_0016.jpg,1298162873943492352
dataset\data1\002.american-flag\002_0017.jpg,78252972294930992
dataset\data1\002.american-flag\002_0018.jpg,1
dataset\data1\002.american-flag\002_0019.jpg,3694372857047473152
dataset\data1\002.american-flag\002_0020.jpg,290764339228315328
dataset\data1\002.american-flag\002_0021.jpg,4677236232479
dataset\data1\002.american-flag\002_0022.jpg,180584889460412928
dataset\data1\002.american-flag\002_0023.jpg,2412471509588131
dataset\data1\002.american-flag\002_0024.jpg,90664741415662752
dataset\data1\002.american-flag\002_0025.jpg,290038021152592640
dataset\data1\002.american-flag\002_0026.jpg,14725310694531729408
dataset\data1\002.american-flag\002_0027.jpg,8653698020233478144
dataset\data1\002.american-flag\002_0028.jpg,356794882941243
dataset\data1\002.american-flag\002_0029.jpg,2326201824463294976
dataset\data1\002.american-flag\002_0030.jpg,9799841860459167744
dataset\data1\002.american-flag\002_0031.jpg,12755372909572403200
dataset\data1\002.american-flag\002_0032.jpg,144124740154624320
dataset\data1\002.american-flag\002_0033.jpg,36179748226336552
dataset\data1\002.american-flag\002_0034.jpg,2307255951067137024
dataset\data1\002.american-flag\002_0035.jpg,72058972739273024
dataset\data1\002.american-flag\002_0036.jpg,144399416160264480
dataset\data1\002.american-flag\002_0037.jpg,5800918894592782336
dataset\data1\002.american-flag\002_0038.jpg,73187978200221696
dataset\data1\002.american-flag\002_0039.jpg,54166379699765304
dataset\data1\002.american-flag\002_0040.jpg,1733885869456707328
dataset\data1\002.american-flag\002_0041.jpg,1153202979734839552
dataset\data1\002.american-flag\002_0042.jpg,7074283583377673
dataset\data1\002.american-flag\002_0043.jpg,283678345461917
dataset\data1\002.american-flag\002_0044.jpg,148755655773863
dataset\data1\002.american-flag\002_0045.jpg,72059805979746336
dataset\data1\002.american-flag\002_0046.jpg,9326057626895744
dataset\data1\002.american-flag\002_0047.jpg,11819707476369231872
dataset\data1\002.american-flag\002_0048.jpg,281479423263575
dataset\data1\002.american-flag\002_0049.jpg,15712219786186895360
dataset\data1\002.american-flag\002_0050.jpg,596358008768591872
dataset\data1\002.american-flag\002_0051.jpg,1411777493500267
dataset\data1\002.american-flag\002_0052.jpg,10376577254861373440
dataset\data1\002.american-flag\002_0053.jpg,4755806721262388224
dataset\data1\002.american-flag\002_0054.jpg,579006190831743744
dataset\data1\002.american-flag\002_0055.jpg,72201084617208400
dataset\data1\002.american-flag\002_0056.jpg,6935546737843765248
dataset\data1\002.american-flag\002_0057.jpg,4328593433
dataset\data1\002.american-flag\002_0058.jpg,14738467494418251776
dataset\data1\002.american-flag\002_0059.jpg,9242004373784772608
dataset\data1\002.american-flag\002_0060.jpg,4295557143
dataset\data1\002.american-flag\002_0061.jpg,72058697894920400
dataset\data1\002.american-flag\002_0062.jpg,199847305523107872
dataset\data1\002.american-flag\002_0063.jpg,6233271605604175872
dataset\data1\002.american-flag\002_0064.jpg,8510125601247220736
dataset\data1\002.american-flag\002_0065.jpg,10410078385656963072
dataset\data1\002.american-flag\002_0066.jpg,144890541459849504
dataset\data1\002.american-flag\002_0067.jpg,18211270033687
dataset\data1\002.american-flag\002_0068.jpg,2746404137243454464
dataset\data1\002.american-flag\002_0069.jpg,72059794285920768
dataset\data1\002.american-flag\002_0070.jpg,316698325567297
dataset\data1\002.american-flag\002_0071.jpg,6250119579125049344
dataset\data1\002.american-flag\002_0072.jpg,653670679354935552
dataset\data1\002.american-flag\002_0073.jpg,1155468003635341824
dataset\data1\002.american-flag\002_0074.jpg,1225268360938391552
dataset\data1\002.american-flag\002_0075.jpg,17230398221
dataset\data1\002.american-flag\002_0076.jpg,144679244000138272
dataset\data1\002.american-flag\002_0077.jpg,4503604073398357
dataset\data1\002.american-flag\002_0078.jpg,5044902417666220032
dataset\data1\002.american-flag\002_0079.jpg,81071768336355584
dataset\data1\002.american-flag\002_0080.jpg,578721623138370560
dataset\data1\002.american-flag\002_0081.jpg,72339107804152864
dataset\data1\002.american-flag\002_0082.jpg,2379061766218581504
dataset\data1\002.american-flag\002_0083.jpg,4653909696424634368
dataset\data1\002.american-flag\002_0084.jpg,144399974522756096
dataset\data1\002.american-flag\002_0085.jpg,18295877798395988
dataset\data1\002.american-flag\002_0086.jpg,9290912446548032
dataset\data1\002.american-flag\002_0087.jpg,298134787250033920
dataset\data1\002.american-flag\002_0088.jpg,4971973989774664704
dataset\data1\002.american-flag\002_0089.jpg,1741947789469156096
dataset\data1\002.american-flag\002_0090.jpg,578598286733455872
dataset\data1\002.american-flag\002_0091.jpg,5193233133147326464
dataset\data1\002.american-flag\002_0092.jpg,10552533758104741888
dataset\data1\002.american-flag\002_0093.jpg,434897600005735680
dataset\data1\002.american-flag\002_0094.jpg,873702726043238528
dataset\data1\002.american-flag\002_0095.jpg,288230449166172160
dataset\data1\002.american-flag\002_0096.jpg,4758343281733208064
dataset\data1\002.american-flag\002_0097.jpg,4908959903799348224
dataset\data1\003.backpack\003_0001.jpg,326792590097842496
dataset\data1\003.backpack\003_0002.jpg,648808621907641472
dataset\data1\003.backpack\003_0003.jpg,289099073455063104
dataset\data1\003.backpack\003_0004.jpg,1407396358718805
dataset\data1\003.backpack\003_0005.jpg,351985488437719
dataset\data1\003.backpack\003_0006.jpg,1171288198882600704
dataset\data1\003.backpack\003_0007.jpg,144398867119808640
dataset\data1\003.backpack\003_0008.jpg,282029883457887
dataset\data1\003.backpack\003_0009.jpg,8830727709453
dataset\data1\003.backpack\003_0010.jpg,112961940237921424
dataset\data1\003.backpack\003_0011.jpg,281755498119447
dataset\data1\003.backpack\003_0012.jpg,37225082867354456
dataset\data1\003.backpack\003_0013.jpg,4890942343547189
dataset\data1\003.backpack\003_0014.jpg,2306265226116929024
dataset\data1\003.backpack\003_0015.jpg,7286921059605623808
dataset\data1\003.backpack\003_0016.jpg,27029027051209240
dataset\data1\003.backpack\003_0017.jpg,4918282642178246656
dataset\data1\003.backpack\003_0018.jpg,36310276291231808
dataset\data1\003.backpack\003_0019.jpg,897377624196951
dataset\data1\003.backpack\003_0020.jpg,288529448955871488
dataset\data1\003.backpack\003_0021.jpg,4756101723354170368
dataset\data1\003.backpack\003_0022.jpg,72058161286370896
dataset\data1\003.backpack\003_0023.jpg,10208416810731864
dataset\data1\003.backpack\003_0024.jpg,299347443001749
dataset\data1\003.backpack\003_0025.jpg,293020128247873792
dataset\data1\003.backpack\003_0026.jpg,288529448955871488
dataset\data1\003.backpack\003_0027.jpg,72339073393755488
dataset\data1\003.backpack\003_0028.jpg,432686426120522240
dataset\data1\003.backpack\003_0029.jpg,4612073188255138816
dataset\data1\003.backpack\003_0030.jpg,422768663399253
dataset\data1\003.backpack\003_0031.jpg,2032188086315005440
dataset\data1\003.backpack\003_0032.jpg,4521470986354869
dataset\data1\003.backpack\003_0033.jpg,4611690416813719552
dataset\data1\003.backpack\003_0034.jpg,18305225009998104
dataset\data1\003.backpack\003_0035.jpg,1443755666262143488
dataset\data1\003.backpack\003_0036.jpg,292475630233077
dataset\data1\003.backpack\003_0037.jpg,648519997764732544
dataset\data1\003.backpack\003_0038.jpg,9619700245971697664
dataset\data1\003.backpack\003_0039.jpg,1153273369802900736
dataset\data1\003.backpack\003_0040.jpg,1153216216404525824
dataset\data1\003.backpack\003_0041.jpg,74485494021031680
dataset\data1\003.backpack\003_0042.jpg,435020130860075520
dataset\data1\003.backpack\003_0043.jpg,1157724453791138048
dataset\data1\003.backpack\003_0044.jpg,138085466469
dataset\data1\003.backpack\003_0045.jpg,4954541421878313984
dataset\data1\003.backpack\003_0046.jpg,1155560345423644416
dataset\data1\003.backpack\003_0047.jpg,9225623944049025024
dataset\data1\003.backpack\003_0048.jpg,281480345497045
dataset\data1\003.backpack\003_0049.jpg,281479271743773
dataset\data1\003.backpack\003_0050.jpg,27197827823354504
dataset\data1\003.backpack\003_0051.jpg,5485745218040014848
dataset\data1\003.backpack\003_0052.jpg,1157989429676444928
dataset\data1\003.backpack\003_0053.jpg,1155525152436585728
dataset\data1\003.backpack\003_0054.jpg,5773967808363570176
dataset\data1\003.backpack\003_0055.jpg,4611967497715910656
dataset\data1\003.backpack\003_0056.jpg,281754694910229
dataset\data1\003.backpack\003_0057.jpg,324540927454708096
dataset\data1\003.backpack\003_0058.jpg,5782995769473434624
dataset\data1\003.backpack\003_0059.jpg,36451013812749272
dataset\data1\003.backpack\003_0060.jpg,281763813327125
dataset\data1\003.backpack\003_0061.jpg,281513642754645
dataset\data1\003.backpack\003_0062.jpg,422216760363605
dataset\data1\003.backpack\003_0063.jpg,18296290108572696
dataset\data1\003.backpack\003_0064.jpg,281496468653909
dataset\data1\003.backpack\003_0065.jpg,1189092144146286080
dataset\data1\003.backpack\003_0066.jpg,5764959371050157056
dataset\data1\003.backpack\003_0067.jpg,1153290953533492480
dataset\data1\003.backpack\003_0068.jpg,9223741513169700864
dataset\data1\003.backpack\003_0069.jpg,281513637774167
dataset\data1\003.backpack\003_0070.jpg,282031179235597
dataset\data1\003.backpack\003_0071.jpg,283712705636821
dataset\data1\003.backpack\003_0072.jpg,299082467969333
dataset\data1\003.backpack\003_0073.jpg,2594675932006648320
dataset\data1\003.backpack\003_0074.jpg,2023022505165963776
dataset\data1\003.backpack\003_0075.jpg,1189302149642256640
dataset\data1\003.backpack\003_0076.jpg,1125899907956805
dataset\data1\003.backpack\003_0077.jpg,10953757054007183360
dataset\data1\003.backpack\003_0078.jpg,162420970353674528
dataset\data1\003.backpack\003_0079.jpg,10258648180864356352
dataset\data1\003.backpack\003_0080.jpg,13120446009105917952
dataset\data1\003.backpack\003_0081.jpg,308858627467872256
dataset\data1\003.backpack\003_0082.jpg,1153273353705170176
dataset\data1\003.backpack\003_0083.jpg,299071467358477
dataset\data1\003.backpack\003_0084.jpg,6341437752063756288
dataset\data1\003.backpack\003_0085.jpg,288252508118253888
dataset\data1\003.backpack\003_0086.jpg,2306300410346029568
dataset\data1\003.backpack\003_0087.jpg,1229483797802713344
dataset\data1\003.backpack\003_0088.jpg,12756730754582657024
dataset\data1\003.backpack\003_0089.jpg,281479305298813
dataset\data1\003.backpack\003_0090.jpg,2635795600858809344
dataset\data1\003.backpack\003_0091.jpg,299209177893125
dataset\data1\003.backpack\003_0092.jpg,1478297695356253
dataset\data1\003.backpack\003_0093.jpg,288557478535559
dataset\data1\003.backpack\003_0094.jpg,4611688217552926720
dataset\data1\003.backpack\003_0095.jpg,281479288784223
dataset\data1\003.backpack\003_0096.jpg,281479615680327
dataset\data1\003.backpack\003_0097.jpg,1153222785020666368
dataset\data1\003.backpack\003_0098.jpg,9895612210222612480
dataset\data1\003.backpack\003_0099.jpg,18929239429284724
dataset\data1\003.backpack\003_0100.jpg,2594588659034687488
dataset\data1\003.backpack\003_0101.jpg,576460752426435840
dataset\data1\003.backpack\003_0102.jpg,270405252087218656
dataset\data1\003.backpack\003_0103.jpg,4820264890204949
dataset\data1\003.backpack\003_0104.jpg,1441591686500253952
dataset\data1\003.backpack\003_0105.jpg,18401432172692244
dataset\data1\003.backpack\003_0106.jpg,1495203876725656832
dataset\data1\003.backpack\003_0107.jpg,1152907770930037
dataset\data1\003.backpack\003_0108.jpg,5981349787878199
dataset\data1\003.backpack\003_0109.jpg,299073215333165
dataset\data1\003.backpack\003_0110.jpg,354048115671381
dataset\data1\003.backpack\003_0111.jpg,284504539341079
dataset\data1\003.backpack\003_0112.jpg,1153273352623031552
dataset\data1\003.backpack\003_0113.jpg,1163054674386497280
dataset\data1\003.backpack\003_0114.jpg,4793940511364869
dataset\data1\003.backpack\003_0115.jpg,1441438445338689536
dataset\data1\003.backpack\003_0116.jpg,99149564908732768
dataset\data1\003.backpack\003_0117.jpg,18366246594873076
dataset\data1\003.backpack\003_0118.jpg,5497596947063375
dataset\data1\003.backpack\003_0119.jpg,5348064464308039
dataset\data1\003.backpack\003_0120.jpg,1153273370927268096
dataset\data1\003.backpack\003_0121.jpg,72066566830752256
dataset\data1\003.backpack\003_0122.jpg,4613128652040013824
dataset\data1\003.backpack\003_0123.jpg,865042977544930688
dataset\data1\003.backpack\003_0124.jpg,6918938893626902528
dataset\data1\003.backpack\003_0125.jpg,18366524087796372
dataset\data1\003.backpack\003_0126.jpg,4785080375510359
dataset\data1\003.backpack\003_0127.jpg,288533847134511488
dataset\data1\003.backpack\003_0128.jpg,1153205182935965952
dataset\data1\003.backpack\003_0129.jpg,283679435858263
dataset\data1\003.backpack\003_0130.jpg,576460774332236288
dataset\data1\003.backpack\003_0131.jpg,288525605159371264
dataset\data1\003.backpack\003_0132.jpg,4612398540894905344
dataset\data1\003.backpack\003_0133.jpg,932398882038037
dataset\data1\003.backpack\003_0134.jpg,144539054422830464
dataset\data1\003.backpack\003_0135.jpg,85572795697791312
dataset\data1\003.backpack\003_0136.jpg,4761476387387011072
dataset\data1\003.backpack\003_0137.jpg,1153772835980783872
dataset\data1\003.backpack\003_0138.jpg,9246743261651992576
dataset\data1\003.backpack\003_0139.jpg,281480345487703
dataset\data1\003.backpack\003_0140.jpg,1182653129024536832
dataset\data1\003.backpack\003_0141.jpg,4611967506960548864
dataset\data1\003.backpack\003_0142.jpg,285885942267989
dataset\data1\003.backpack\003_0143.jpg,1162262970429276928
dataset\data1\003.backpack\003_0144.jpg,1411777225496671
dataset\data1\003.backpack\003_0145.jpg,9306554248003892
dataset\data1\003.backpack\003_0146.jpg,14988331442282235904
dataset\data1\003.backpack\003_0147.jpg,38584203779048288
dataset\data1\003.backpack\003_0148.jpg,1153273359069481216
dataset\data1\003.backpack\003_0149.jpg,295276154584105792
dataset\data1\003.backpack\003_0150.jpg,883057412563599744
dataset\data1\003.backpack\003_0151.jpg,288533846733947200
dataset\data1\004.baseball-bat\004_0001.jpg,281474976776193
dataset\data1\004.baseball-bat\004_0002.jpg,14700614520863217664
dataset\data1\004.baseball-bat\004_0003.jpg,1
dataset\data1\004.baseball-bat\004_0004.jpg,4295032893
dataset\data1\004.baseball-bat\004_0005.jpg,9008333277233920
dataset\data1\004.baseball-bat\004_0006.jpg,6597069963777
dataset\data1\004.baseball-bat\004_0007.jpg,289778493360834496
dataset\data1\004.baseball-bat\004_0008.jpg,8446009
dataset\data1\004.baseball-bat\004_0009.jpg,281474976776193
dataset\data1\004.baseball-bat\004_0010.jpg,432911817027616768
dataset\data1\004.baseball-bat\004_0011.jpg,290526295078666752
dataset\data1\004.baseball-bat\004_0012.jpg,32837
dataset\data1\004.baseball-bat\004_0013.jpg,70369151025159
dataset\data1\004.baseball-bat\004_0014.jpg,9521771847743045632
dataset\data1\004.baseball-bat\004_0015.jpg,9223407221361082368
dataset\data1\004.baseball-bat\004_0016.jpg,687010613932163456
dataset\data1\004.baseball-bat\004_0017.jpg,9232414695494778880
dataset\data1\004.baseball-bat\004_0018.jpg,13845490264577744896
dataset\data1\004.baseball-bat\004_0019.jpg,1
dataset\data1\004.baseball-bat\004_0020.jpg,281474976776193
dataset\data1\004.baseball-bat\004_0021.jpg,1050629
dataset\data1\004.baseball-bat\004_0022.jpg,43997678602261
dataset\data1\004.baseball-bat\004_0023.jpg,2594355998525294080
dataset\data1\004.baseball-bat\004_0024.jpg,289081453986199168
dataset\data1\004.baseball-bat\004_0025.jpg,1163090939348648704
dataset\data1\004.baseball-bat\004_0026.jpg,9871976713168099328
dataset\data1\004.baseball-bat\004_0027.jpg,1298725820652074240
dataset\data1\004.baseball-bat\004_0028.jpg,370759478819471872
dataset\data1\004.baseball-bat\004_0029.jpg,1120986464267
dataset\data1\004.baseball-bat\004_0030.jpg,145524779179741440
dataset\data1\004.baseball-bat\004_0031.jpg,9223407221361082368
dataset\data1\004.baseball-bat\004_0032.jpg,216454335004524800
dataset\data1\004.baseball-bat\004_0033.jpg,2053
dataset\data1\004.baseball-bat\004_0034.jpg,4901342535320122368
dataset\data1\004.baseball-bat\004_0035.jpg,351930302412117
dataset\data1\004.baseball-bat\004_0036.jpg,1156590575501185792
dataset\data1\004.baseball-bat\004_0037.jpg,4421
dataset\data1\004.baseball-bat\004_0038.jpg,1056773
dataset\data1\004.baseball-bat\004_0039.jpg,36059619330759440
dataset\data1\004.baseball-bat\004_0040.jpg,72480186121657760
dataset\data1\004.baseball-bat\004_0041.jpg,76565596422054192
dataset\data1\004.baseball-bat\004_0042.jpg,1228357897977659648
dataset\data1\004.baseball-bat\004_0043.jpg,5365651661128805
dataset\data1\004.baseball-bat\004_0044.jpg,282574488403969
dataset\data1\004.baseball-bat\004_0045.jpg,249449278445773152
dataset\data1\004.baseball-bat\004_0046.jpg,4777782171244789760
dataset\data1\004.baseball-bat\004_0047.jpg,317209658465401
dataset\data1\004.baseball-bat\004_0048.jpg,72075465396979472
dataset\data1\004.baseball-bat\004_0049.jpg,655702607709602688
dataset\data1\004.baseball-bat\004_0050.jpg,5840080484998382592
dataset\data1\004.baseball-bat\004_0051.jpg,2310355422113955840
dataset\data1\004.baseball-bat\004_0052.jpg,109247527279662608
dataset\data1\004.baseball-bat\004_0053.jpg,1132498201412613
dataset\data1\004.baseball-bat\004_0054.jpg,844424930197507
dataset\data1\004.baseball-bat\004_0055.jpg,4111277111141480960
dataset\data1\004.baseball-bat\004_0056.jpg,1731915570422678016
dataset\data1\004.baseball-bat\004_0057.jpg,1159676908343933952
dataset\data1\004.baseball-bat\004_0058.jpg,14116094567707185152
dataset\data1\004.baseball-bat\004_0059.jpg,18305773655099092
dataset\data1\004.baseball-bat\004_0060.jpg,291890651488850176
dataset\data1\004.baseball-bat\004_0061.jpg,2310355422147575808
dataset\data1\004.baseball-bat\004_0062.jpg,11530166972288485376
dataset\data1\004.baseball-bat\004_0063.jpg,4756718234552222720
dataset\data1\004.baseball-bat\004_0064.jpg,343399473734491968
dataset\data1\004.baseball-bat\004_0065.jpg,577657158763219200
dataset\data1\004.baseball-bat\004_0066.jpg,343175751645269568
dataset\data1\004.baseball-bat\004_0067.jpg,90073093183283504
dataset\data1\004.baseball-bat\004_0068.jpg,9431386384765435904
dataset\data1\004.baseball-bat\004_0069.jpg,2704811965212467712
dataset\data1\004.baseball-bat\004_0070.jpg,8813373753347
dataset\data1\004.baseball-bat\004_0071.jpg,134218245
dataset\data1\004.baseball-bat\004_0072.jpg,281474976776193
dataset\data1\004.baseball-bat\004_0073.jpg,10236681979320080384
dataset\data1\004.baseball-bat\004_0074.jpg,2955499367320031744
dataset\data1\004.baseball-bat\004_0075.jpg,6459298387
dataset\data1\004.baseball-bat\004_0076.jpg,4832889885
dataset\data1\004.baseball-bat\004_0077.jpg,1155008448748327424
dataset\data1\004.baseball-bat\004_0078.jpg,10814311324882626560
dataset\data1\004.baseball-bat\004_0079.jpg,1874659152787437056
dataset\data1\004.baseball-bat\004_0080.jpg,1155173356061042944
dataset\data1\004.baseball-bat\004_0081.jpg,11539427319395979264
dataset\data1\004.baseball-bat\004_0082.jpg,9300535905868054528
dataset\data1\004.baseball-bat\004_0083.jpg,10448672197324050432
dataset\data1\004.baseball-bat\004_0084.jpg,2319380217883330560
dataset\data1\004.baseball-bat\004_0085.jpg,2310632494749188608
dataset\data1\004.baseball-bat\004_0086.jpg,577593264333398016
dataset\data1\004.baseball-bat\004_0087.jpg,281479405895925
dataset\data1\004.baseball-bat\004_0088.jpg,282574488404225
dataset\data1\004.baseball-bat\004_0089.jpg,70506453141521
dataset\data1\004.baseball-bat\004_0090.jpg,1299290695816814592
dataset\data1\004.baseball-bat\004_0091.jpg,2450540395829536256
dataset\data1\004.baseball-bat\004_0092.jpg,5942127014043845632
dataset\data1\004.baseball-bat\004_0093.jpg,144116468043452672
dataset\data1\004.baseball-bat\004_0094.jpg,580964369244946944
dataset\data1\004.baseball-bat\004_0095.jpg,281492158742533
dataset\data1\004.baseball-bat\004_0096.jpg,9007199254750212
dataset\data1\004.baseball-bat\004_0097.jpg,2630670677537200640
dataset\data1\004.baseball-bat\004_0098.jpg,144115205289345024
dataset\data1\004.baseball-bat\004_0099.jpg,650771383115159168
dataset\data1\004.baseball-bat\004_0100.jpg,9223407221428191232
dataset\data1\004.baseball-bat\004_0101.jpg,9223407221361082368
dataset\data1\004.baseball-bat\004_0102.jpg,4523545489638739
dataset\data1\004.baseball-bat\004_0103.jpg,576465156792459520
dataset\data1\004.baseball-bat\004_0104.jpg,2310355422147575808
dataset\data1\004.baseball-bat\004_0105.jpg,2560343886812452864
dataset\data1\004.baseball-bat\004_0106.jpg,4793887927304513
dataset\data1\004.baseball-bat\004_0107.jpg,10464338465776218112
dataset\data1\004.baseball-bat\004_0108.jpg,2459813120042861056
dataset\data1\004.baseball-bat\004_0109.jpg,282300168339499
dataset\data1\004.baseball-bat\004_0110.jpg,9223407225656049664
dataset\data1\004.baseball-bat\004_0111.jpg,577593253593874432
dataset\data1\004.baseball-bat\004_0112.jpg,10425868769619345408
dataset\data1\004.baseball-bat\004_0113.jpg,8624144899
dataset\data1\004.baseball-bat\004_0114.jpg,2959476920751096832
dataset\data1\004.baseball-bat\004_0115.jpg,281474976776193
dataset\data1\004.baseball-bat\004_0116.jpg,281474976776193
dataset\data1\004.baseball-bat\004_0117.jpg,141288324214809
dataset\data1\004.baseball-bat\004_0118.jpg,9296275155470788608
dataset\data1\004.baseball-bat\004_0119.jpg,5941483195414719488
dataset\data1\004.baseball-bat\004_0120.jpg,17213489153
dataset\data1\004.baseball-bat\004_0121.jpg,1
dataset\data1\004.baseball-bat\004_0122.jpg,2416338643222858752
dataset\data1\004.baseball-bat\004_0123.jpg,1152921513230340096
dataset\data1\004.baseball-bat\004_0124.jpg,9819265613603995648
dataset\data1\004.baseball-bat\004_0125.jpg,4612743211961094144
dataset\data1\004.baseball-bat\004_0126.jpg,9224543025462575104
dataset\data1\004.baseball-bat\004_0127.jpg,145110271869519360
dataset\data1\005.baseball-glove\005_0001.jpg,334358959458397
dataset\data1\005.baseball-glove\005_0002.jpg,457411956507253
dataset\data1\005.baseball-glove\005_0003.jpg,285913895486165
dataset\data1\005.baseball-glove\005_0004.jpg,378307313615445
dataset\data1\005.baseball-glove\005_0005.jpg,9223654723012329472
dataset\data1\005.baseball-glove\005_0006.jpg,306266769205561408
dataset\data1\005.baseball-glove\005_0007.jpg,18295877848858708
dataset\data1\005.baseball-glove\005_0008.jpg,285877603487837
dataset\data1\005.baseball-glove\005_0009.jpg,654148120854202752
dataset\data1\005.baseball-glove\005_0010.jpg,360985559369333
dataset\data1\005.baseball-glove\005_0011.jpg,281754166429717
dataset\data1\005.baseball-glove\005_0012.jpg,1307178865181000192
dataset\data1\005.baseball-glove\005_0013.jpg,10899302641012049920
dataset\data1\005.baseball-glove\005_0014.jpg,282029044466007
dataset\data1\005.baseball-glove\005_0015.jpg,18332437023118088
dataset\data1\005.baseball-glove\005_0016.jpg,2378183182306447872
dataset\data1\005.baseball-glove\005_0017.jpg,4612328412527821824
dataset\data1\005.baseball-glove\005_0018.jpg,282853665477639
dataset\data1\005.baseball-glove\005_0019.jpg,2306124488553087488
dataset\data1\005.baseball-glove\005_0020.jpg,2306124523986584064
dataset\data1\005.baseball-glove\005_0021.jpg,103086227719
dataset\data1\005.baseball-glove\005_0022.jpg,73050165509
dataset\data1\005.baseball-glove\005_0023.jpg,281479414360093
dataset\data1\005.baseball-glove\005_0024.jpg,576469561348523776
dataset\data1\005.baseball-glove\005_0025.jpg,39586713633661
dataset\data1\005.baseball-glove\005_0026.jpg,20547678218179164
dataset\data1\005.baseball-glove\005_0027.jpg,301369854642263
dataset\data1\005.baseball-glove\005_0028.jpg,1161153574144261
dataset\data1\005.baseball-glove\005_0029.jpg,5800918349265575936
dataset\data1\005.baseball-glove\005_0030.jpg,10197845119563393024
dataset\data1\005.baseball-glove\005_0031.jpg,220821132424386592
dataset\data1\005.baseball-glove\005_0032.jpg,144185598260217056
dataset\data1\005.baseball-glove\005_0033.jpg,324259186089852928
dataset\data1\005.baseball-glove\005_0034.jpg,1126724741955669
dataset\data1\005.baseball-glove\005_0035.jpg,285886227089565
dataset\data1\005.baseball-glove\005_0036.jpg,2315202057960751104
dataset\data1\005.baseball-glove\005_0037.jpg,281479289045549
dataset\data1\005.baseball-glove\005_0038.jpg,369539038693461
dataset\data1\005.baseball-glove\005_0039.jpg,1143560833400845
dataset\data1\005.baseball-glove\005_0040.jpg,14737520839004796928
dataset\data1\005.baseball-glove\005_0041.jpg,1610038207222016256
dataset\data1\005.baseball-glove\005_0042.jpg,144680351625709664
dataset\data1\005.baseball-glove\005_0043.jpg,10854803417856092160
dataset\data1\005.baseball-glove\005_0044.jpg,76561468745122096
dataset\data1\005.baseball-glove\005_0045.jpg,281754501992469
dataset\data1\005.baseball-glove\005_0046.jpg,422219713036341
dataset\data1\005.baseball-glove\005_0047.jpg,581246176412631808
dataset\data1\005.baseball-glove\005_0048.jpg,4834193432895891456
dataset\data1\005.baseball-glove\005_0049.jpg,4615038181
dataset\data1\005.baseball-glove\005_0050.jpg,422223746974871
dataset\data1\005.baseball-glove\005_0051.jpg,5637506427193205
dataset\data1\005.baseball-glove\005_0052.jpg,1774699870700519936
dataset\data1\005.baseball-glove\005_0053.jpg,72357766351093776
dataset\data1\005.baseball-glove\005_0054.jpg,14427601948299907072
dataset\data1\005.baseball-glove\005_0055.jpg,862670538524797
dataset\data1\005.baseball-glove\005_0056.jpg,36363065738872456
dataset\data1\005.baseball-glove\005_0057.jpg,20266614985400660
dataset\data1\005.baseball-glove\005_0058.jpg,9013809226327336
dataset\data1\005.baseball-glove\005_0059.jpg,145249884142895648
dataset\data1\005.baseball-glove\005_0060.jpg,4612565666731197440
dataset\data1\005.baseball-glove\005_0061.jpg,4415247417349
dataset\data1\005.baseball-glove\005_0062.jpg,77687368517222672
dataset\data1\005.baseball-glove\005_0063.jpg,126103040436622352
dataset\data1\005.baseball-glove\005_0064.jpg,18295877882298708
dataset\data1\005.baseball-glove\005_0065.jpg,2536779584616921
dataset\data1\005.baseball-glove\005_0066.jpg,145258686615457440
dataset\data1\005.baseball-glove\005_0067.jpg,651052753494612352
dataset\data1\005.baseball-glove\005_0068.jpg,281616912285783
dataset\data1\005.baseball-glove\005_0069.jpg,299107027585303
dataset\data1\005.baseball-glove\005_0070.jpg,281480412594257
dataset\data1\005.baseball-glove\005_0071.jpg,1766610647541455104
dataset\data1\005.baseball-glove\005_0072.jpg,4617319100618758144
dataset\data1\005.baseball-glove\005_0073.jpg,562964994262909
dataset\data1\005.baseball-glove\005_0074.jpg,11272609878741016
dataset\data1\005.baseball-glove\005_0075.jpg,72343472933249040
dataset\data1\005.baseball-glove\005_0076.jpg,3505085102472202240
dataset\data1\005.baseball-glove\005_0077.jpg,281479288586605
dataset\data1\005.baseball-glove\005_0078.jpg,12215478669992669184
dataset\data1\005.baseball-glove\005_0079.jpg,5623206808517346304
dataset\data1\005.baseball-glove\005_0080.jpg,1441486276183261952
dataset\data1\005.baseball-glove\005_0081.jpg,9223794253644371968
dataset\data1\005.baseball-glove\005_0082.jpg,72347869688432208
dataset\data1\005.baseball-glove\005_0083.jpg,1732069467690697472
dataset\data1\005.baseball-glove\005_0084.jpg,288591086967390784
dataset\data1\005.baseball-glove\005_0085.jpg,145830465138394720
dataset\data1\005.baseball-glove\005_0086.jpg,281651288563799
dataset\data1\005.baseball-glove\005_0087.jpg,2310947184253667328
dataset\data1\005.baseball-glove\005_0088.jpg,9223654683485208576
dataset\data1\005.baseball-glove\005_0089.jpg,648800371510575360
dataset\data1\005.baseball-glove\005_0090.jpg,10390138940341391360
dataset\data1\005.baseball-glove\005_0091.jpg,281544333953109
dataset\data1\005.baseball-glove\005_0092.jpg,290926186534429
dataset\data1\005.baseball-glove\005_0093.jpg,4926228708526085
dataset\data1\005.baseball-glove\005_0094.jpg,2378572459231741952
dataset\data1\005.baseball-glove\005_0095.jpg,9441254354129584128
dataset\data1\005.baseball-glove\005_0096.jpg,351883586241879
dataset\data1\005.baseball-glove\005_0097.jpg,3658919101330407936
dataset\data1\005.baseball-glove\005_0098.jpg,5230931104982302720
dataset\data1\005.baseball-glove\005_0099.jpg,580965735547897856
dataset\data1\005.baseball-glove\005_0100.jpg,2058359200453636864
dataset\data1\005.baseball-glove\005_0101.jpg,288529451103355648
dataset\data1\005.baseball-glove\005_0102.jpg,282029572032051
dataset\data1\005.baseball-glove\005_0103.jpg,4685432491452663808
dataset\data1\005.baseball-glove\005_0104.jpg,299209304900761
dataset\data1\005.baseball-glove\005_0105.jpg,2569563515718771
dataset\data1\005.baseball-glove\005_0106.jpg,5771926015778097152
dataset\data1\005.baseball-glove\005_0107.jpg,9288688629033300
dataset\data1\005.baseball-glove\005_0108.jpg,577306281073901824
dataset\data1\005.baseball-glove\005_0109.jpg,144977493091550560
dataset\data1\005.baseball-glove\005_0110.jpg,72357966938669344
dataset\data1\005.baseball-glove\005_0111.jpg,290842923155818432
dataset\data1\005.baseball-glove\005_0112.jpg,325495457153109
dataset\data1\005.baseball-glove\005_0113.jpg,4333669163239642624
dataset\data1\005.baseball-glove\005_0114.jpg,290768088113180736
dataset\data1\005.baseball-glove\005_0115.jpg,422904198148183
dataset\data1\005.baseball-glove\005_0116.jpg,851026731702525
dataset\data1\005.baseball-glove\005_0117.jpg,72341268617464912
dataset\data1\005.baseball-glove\005_0118.jpg,1756874453772077568
dataset\data1\005.baseball-glove\005_0119.jpg,1152922140463530496
dataset\data1\005.baseball-glove\005_0120.jpg,4611987429102321664
dataset\data1\005.baseball-glove\005_0121.jpg,290341945807701
dataset\data1\005.baseball-glove\005_0122.jpg,1231171823077495040
dataset\data1\005.baseball-glove\005_0123.jpg,291101543194711
dataset\data1\005.baseball-glove\005_0124.jpg,4652219310738639872
dataset\data1\005.baseball-glove\005_0125.jpg,1729690124477858560
dataset\data1\005.baseball-glove\005_0126.jpg,577386062348366720
dataset\data1\005.baseball-glove\005_0127.jpg,576782983030833920
dataset\data1\005.baseball-glove\005_0128.jpg,1224983033908643328
dataset\data1\005.baseball-glove\005_0129.jpg,2887758576246736896
dataset\data1\005.baseball-glove\005_0130.jpg,76571641393656400
dataset\data1\005.baseball-glove\005_0131.jpg,2353133008653069824
dataset\data1\005.baseball-glove\005_0132.jpg,282578850508927
dataset\data1\005.baseball-glove\005_0133.jpg,281479271749655
dataset\data1\005.baseball-glove\005_0134.jpg,72410679157790800
dataset\data1\005.baseball-glove\005_0135.jpg,4620977098008401920
dataset\data1\005.baseball-glove\005_0136.jpg,72427580372066576
dataset\data1\005.baseball-glove\005_0137.jpg,6933301837705602048
dataset\data1\005.baseball-glove\005_0138.jpg,4503603922542871
dataset\data1\005.baseball-glove\005_0139.jpg,9223662379934613504
dataset\data1\005.baseball-glove\005_0140.jpg,578994067980501760
dataset\data1\005.baseball-glove\005_0141.jpg,281480698861789
dataset\data1\005.baseball-glove\005_0142.jpg,294752868701015
dataset\data1\005.baseball-glove\005_0143.jpg,354146395981909
dataset\data1\005.baseball-glove\005_0144.jpg,9223662379935531008
dataset\data1\005.baseball-glove\005_0145.jpg,2315307609667994112
dataset\data1\005.baseball-glove\005_0146.jpg,36382569201741840
dataset\data1\005.baseball-glove\005_0147.jpg,9226116697155512320
dataset\data1\005.baseball-glove\005_0148.jpg,282578791776287
dataset\data1\006.basketball-hoop\006_0001.jpg,248503033135105
dataset\data1\006.basketball-hoop\006_0002.jpg,72128100431825152
dataset\data1\006.basketball-hoop\006_0003.jpg,2612582636781308928
dataset\data1\006.basketball-hoop\006_0004.jpg,15268465303736324096
dataset\data1\006.basketball-hoop\006_0005.jpg,7139388217826082816
dataset\data1\006.basketball-hoop\006_0006.jpg,17330839858952650752
dataset\data1\006.basketball-hoop\006_0007.jpg,72339206520717328
dataset\data1\006.basketball-hoop\006_0008.jpg,6921271293830610944
dataset\data1\006.basketball-hoop\006_0009.jpg,288538299572789696
dataset\data1\006.basketball-hoop\006_0010.jpg,2967208628314322432
dataset\data1\006.basketball-hoop\006_0011.jpg,68720591173
dataset\data1\006.basketball-hoop\006_0012.jpg,144680341431911200
dataset\data1\006.basketball-hoop\006_0013.jpg,10126124103616960512
dataset\data1\006.basketball-hoop\006_0014.jpg,2675299121498442240
dataset\data1\006.basketball-hoop\006_0015.jpg,564053776797445
dataset\data1\006.basketball-hoop\006_0016.jpg,654756245444236032
dataset\data1\006.basketball-hoop\006_0017.jpg,90157896188955328
dataset\data1\006.basketball-hoop\006_0018.jpg,104087423291
dataset\data1\006.basketball-hoop\006_0019.jpg,10665395555473293312
dataset\data1\006.basketball-hoop\006_0020.jpg,288231484320531264
dataset\data1\006.basketball-hoop\006_0021.jpg,9881797355933280256
dataset\data1\006.basketball-hoop\006_0022.jpg,4652948491099089920
dataset\data1\006.basketball-hoop\006_0023.jpg,608210440189643008
dataset\data1\006.basketball-hoop\006_0024.jpg,18697066645077
dataset\data1\006.basketball-hoop\006_0025.jpg,374082189687259456
dataset\data1\006.basketball-hoop\006_0026.jpg,282574505181223
dataset\data1\006.basketball-hoop\006_0027.jpg,1126455773451013
dataset\data1\006.basketball-hoop\006_0028.jpg,6055233013762565120
dataset\data1\006.basketball-hoop\006_0029.jpg,290763651101890688
dataset\data1\006.basketball-hoop\006_0030.jpg,81064828206527024
dataset\data1\006.basketball-hoop\006_0031.jpg,74346816037980576
dataset\data1\006.basketball-hoop\006_0032.jpg,4415293691997
dataset\data1\006.basketball-hoop\006_0033.jpg,4611686035747045376
dataset\data1\006.basketball-hoop\006_0034.jpg,285890203680769
dataset\data1\006.basketball-hoop\006_0035.jpg,9826855018486898688
dataset\data1\006.basketball-hoop\006_0036.jpg,16171328107880564736
dataset\data1\006.basketball-hoop\006_0037.jpg,9809423331280889856
dataset\data1\006.basketball-hoop\006_0038.jpg,564049599463681
dataset\data1\006.basketball-hoop\006_0039.jpg,9917375281505234944
dataset\data1\006.basketball-hoop\006_0040.jpg,282575646163981
dataset\data1\006.basketball-hoop\006_0041.jpg,290763650958951168
dataset\data1\006.basketball-hoop\006_0042.jpg,648554643584393984
dataset\data1\006.basketball-hoop\006_0043.jpg,9233506563069859840
dataset\data1\006.basketball-hoop\006_0044.jpg,20829171899043088
dataset\data1\006.basketball-hoop\006_0045.jpg,66055
dataset\data1\006.basketball-hoop\006_0046.jpg,2260085619779991
dataset\data1\006.basketball-hoop\006_0047.jpg,9223657935715434496
dataset\data1\006.basketball-hoop\006_0048.jpg,658831805445966208
dataset\data1\006.basketball-hoop\006_0049.jpg,651064404912398336
dataset\data1\006.basketball-hoop\006_0050.jpg,3761971837480862720
dataset\data1\006.basketball-hoop\006_0051.jpg,568602181307139
dataset\data1\006.basketball-hoop\006_0052.jpg,10019750526677233664
dataset\data1\006.basketball-hoop\006_0053.jpg,435732167708968192
dataset\data1\006.basketball-hoop\006_0054.jpg,6247062259448433664
dataset\data1\006.basketball-hoop\006_0055.jpg,70437530767429
dataset\data1\006.basketball-hoop\006_0056.jpg,9665287827889899520
dataset\data1\006.basketball-hoop\006_0057.jpg,590597
dataset\data1\006.basketball-hoop\006_0058.jpg,2360191873741668352
dataset\data1\006.basketball-hoop\006_0059.jpg,18691718718733
dataset\data1\006.basketball-hoop\006_0060.jpg,103096123401
dataset\data1\006.basketball-hoop\006_0061.jpg,9042453823301716
dataset\data1\006.basketball-hoop\006_0062.jpg,663159455886349056
dataset\data1\006.basketball-hoop\006_0063.jpg,73192290054640448
dataset\data1\006.basketball-hoop\006_0064.jpg,2342302883529360384
dataset\data1\006.basketball-hoop\006_0065.jpg,369300743238855936
dataset\data1\006.basketball-hoop\006_0066.jpg,428835624919881
dataset\data1\006.basketball-hoop\006_0067.jpg,432699749268854912
dataset\data1\006.basketball-hoop\006_0068.jpg,361132403743625472
dataset\data1\006.basketball-hoop\006_0069.jpg,36028900907812480
dataset\data1\006.basketball-hoop\006_0070.jpg,9526274924151754752
dataset\data1\006.basketball-hoop\006_0071.jpg,16781575
dataset\data1\006.basketball-hoop\006_0072.jpg,2388051296814240768
dataset\data1\006.basketball-hoop\006_0073.jpg,4402358257677
dataset\data1\006.basketball-hoop\006_0074.jpg,72916334406290688
dataset\data1\006.basketball-hoop\006_0075.jpg,144116309146404448
dataset\data1\006.basketball-hoop\006_0076.jpg,797780761737500160
dataset\data1\006.basketball-hoop\006_0077.jpg,324297946328015744
dataset\data1\006.basketball-hoop\006_0078.jpg,4972398426968601600
dataset\data1\006.basketball-hoop\006_0079.jpg,703698025989202176
dataset\data1\006.basketball-hoop\006_0080.jpg,72376598522828944
dataset\data1\006.basketball-hoop\006_0081.jpg,75455637962490880
dataset\data1\006.basketball-hoop\006_0082.jpg,1154610414889343744
dataset\data1\006.basketball-hoop\006_0083.jpg,9007242338730556
dataset\data1\006.basketball-hoop\006_0084.jpg,576813708439651968
dataset\data1\006.basketball-hoop\006_0085.jpg,51607060801
dataset\data1\006.basketball-hoop\006_0086.jpg,216454263533142304
dataset\data1\006.basketball-hoop\006_0087.jpg,292611090255987328
dataset\data1\006.basketball-hoop\006_0088.jpg,288655948960760768
dataset\data1\006.basketball-hoop\006_0089.jpg,180146193510179200
dataset\data1\006.basketball-hoop\006_0090.jpg,72340241561707872
dataset\data1\007.bat\007_0001.jpg,90079163532908592
dataset\data1\007.bat\007_0002.jpg,10123135687764279296
dataset\data1\007.bat\007_0003.jpg,3555904737069328384
dataset\data1\007.bat\007_0004.jpg,1154738551515778304
dataset\data1\007.bat\007_0005.jpg,2307479139694296064
dataset\data1\007.bat\007_0006.jpg,439550938819501952
dataset\data1\007.bat\007_0007.jpg,4611696036545777664
dataset\data1\007.bat\007_0008.jpg,1608145751552116992
dataset\data1\007.bat\007_0009.jpg,958336551483525248
dataset\data1\007.bat\007_0010.jpg,741415024612904704
dataset\data1\007.bat\007_0011.jpg,4616264597719693312
dataset\data1\007.bat\007_0012.jpg,9564841089535750144
dataset\data1\007.bat\007_0013.jpg,1162235381679673
dataset\data1\007.bat\007_0014.jpg,2026974480266761984
dataset\data1\007.bat\007_0015.jpg,2306124704084463104
dataset\data1\007.bat\007_0016.jpg,76562319282340608
dataset\data1\007.bat\007_0017.jpg,4909768057446532096
dataset\data1\007.bat\007_0018.jpg,5
dataset\data1\007.bat\007_0019.jpg,12685553049405802496
dataset\data1\007.bat\007_0020.jpg,144115189301314560
dataset\data1\007.bat\007_0021.jpg,4625338005576760320
dataset\data1\007.bat\007_0022.jpg,14096556323943057408
dataset\data1\007.bat\007_0023.jpg,2436450145576105472
dataset\data1\007.bat\007_0024.jpg,578722756977328896
dataset\data1\007.bat\007_0025.jpg,9381728540088887296
dataset\data1\007.bat\007_0026.jpg,1225549874976019200
dataset\data1\007.bat\007_0027.jpg,95725685632641872
dataset\data1\007.bat\007_0028.jpg,93591543376517712
dataset\data1\007.bat\007_0029.jpg,225193192713196320
dataset\data1\007.bat\007_0030.jpg,11909424081375387648
dataset\data1\007.bat\007_0031.jpg,720630117101022592
dataset\data1\007.bat\007_0032.jpg,9226749813937283072
dataset\data1\007.bat\007_0033.jpg,2063673461201321216
dataset\data1\007.bat\007_0034.jpg,1808735480005296640
dataset\data1\007.bat\007_0035.jpg,1234770027990144768
dataset\data1\007.bat\007_0036.jpg,10723090286885226496
dataset\data1\007.bat\007_0037.jpg,9007203567473240
dataset\data1\007.bat\007_0038.jpg,8721716680888954880
dataset\data1\007.bat\007_0039.jpg,288249149506390464
dataset\data1\007.bat\007_0040.jpg,10167238955100819456
dataset\data1\007.bat\007_0041.jpg,9296096878428416
dataset\data1\007.bat\007_0042.jpg,2352165504583532544
dataset\data1\007.bat\007_0043.jpg,17618819958787
dataset\data1\007.bat\007_0044.jpg,1173191037042251264
dataset\data1\007.bat\007_0045.jpg,2594073982479174656
dataset\data1\007.bat\007_0046.jpg,662053362933457024
dataset\data1\007.bat\007_0047.jpg,3477348169225312256
dataset\data1\007.bat\007_0048.jpg,12297834059403646976
dataset\data1\007.bat\007_0049.jpg,5198983901506381824
dataset\data1\007.bat\007_0050.jpg,1743617374466096384
dataset\data1\007.bat\007_0051.jpg,576532224907351296
dataset\data1\007.bat\007_0052.jpg,1164930408222674944
dataset\data1\007.bat\007_0053.jpg,4891646487460899840
dataset\data1\007.bat\007_0054.jpg,11912704586409594880
dataset\data1\007.bat\007_0055.jpg,4402496766997
dataset\data1\007.bat\007_0056.jpg,324279572923746112
dataset\data1\007.bat\007_0057.jpg,16858631514820542464
dataset\data1\007.bat\007_0058.jpg,12414785366440808448
dataset\data1\007.bat\007_0059.jpg,2377909681214029312
dataset\data1\007.bat\007_0060.jpg,9223683365236770816
dataset\data1\007.bat\007_0061.jpg,4255367431762159104
dataset\data1\007.bat\007_0062.jpg,13982137725056325632
dataset\data1\007.bat\007_0063.jpg,2165004757771684864
dataset\data1\007.bat\007_0064.jpg,7008859980264350720
dataset\data1\007.bat\007_0065.jpg,2305848060370551296
dataset\data1\007.bat\007_0066.jpg,1173976264038682368
dataset\data1\007.bat\007_0067.jpg,420021690262077504
dataset\data1\007.bat\007_0068.jpg,3008995419552658944
dataset\data1\007.bat\007_0069.jpg,799625054313014272
dataset\data1\007.bat\007_0070.jpg,9629083705506367488
dataset\data1\007.bat\007_0071.jpg,146408221068985632
dataset\data1\007.bat\007_0072.jpg,52811123986967
dataset\data1\007.bat\007_0073.jpg,8390431122111858688
dataset\data1\007.bat\007_0074.jpg,7389224240474278912
dataset\data1\007.bat\007_0075.jpg,9457691468179240960
dataset\data1\007.bat\007_0076.jpg,5231321168614266880
dataset\data1\007.bat\007_0077.jpg,6044492762900523008
dataset\data1\007.bat\007_0078.jpg,7392942515411561472
dataset\data1\007.bat\007_0079.jpg,993345694202251904
dataset\data1\007.bat\007_0080.jpg,5010291150941129728
dataset\data1\007.bat\007_0081.jpg,648531644365603712
dataset\data1\007.bat\007_0082.jpg,541329811835138112
dataset\data1\007.bat\007_0083.jpg,1162009041845851904
dataset\data1\007.bat\007_0084.jpg,90286472773575248
dataset\data1\007.bat\007_0085.jpg,10548311905927327744
dataset\data1\007.bat\007_0086.jpg,603915228950965376
dataset\data1\007.bat\007_0087.jpg,4684799177397960704
dataset\data1\007.bat\007_0088.jpg,14321477867981789184
dataset\data1\007.bat\007_0089.jpg,281479343047189
dataset\data1\007.bat\007_0090.jpg,587169310525781
dataset\data1\007.bat\007_0091.jpg,434471521684828480
dataset\data1\007.bat\007_0092.jpg,9316074432708739072
dataset\data1\007.bat\007_0093.jpg,140771886445839
dataset\data1\007.bat\007_0094.jpg,1133408211017849984
dataset\data1\007.bat\007_0095.jpg,36037597692233496
dataset\data1\007.bat\007_0096.jpg,2966007471940880896
dataset\data1\007.bat\007_0097.jpg,1171878542507581952
dataset\data1\007.bat\007_0098.jpg,180432161447428192
dataset\data1\007.bat\007_0099.jpg,9913355144711
dataset\data1\007.bat\007_0100.jpg,5576615912092394496
dataset\data1\007.bat\007_0101.jpg,9060600747460108
dataset\data1\007.bat\007_0102.jpg,14727951229311555584
dataset\data1\007.bat\007_0103.jpg,288529447643612416
dataset\data1\007.bat\007_0104.jpg,3189680641722995200
dataset\data1\007.bat\007_0105.jpg,38589801349326472
dataset\data1\007.bat\007_0106.jpg,2312886481104474624
dataset\data1\008.bathtub\008_0001.jpg,289484145841908928
dataset\data1\008.bathtub\008_0002.jpg,410953471299551680
dataset\data1\008.bathtub\008_0003.jpg,67174661
dataset\data1\008.bathtub\008_0004.jpg,218160699372530848
dataset\data1\008.bathtub\008_0005.jpg,72058693566464256
dataset\data1\008.bathtub\008_0006.jpg,2127450218907990016
dataset\data1\008.bathtub\008_0007.jpg,77689361332311168
dataset\data1\008.bathtub\008_0008.jpg,613690224627156224
dataset\data1\008.bathtub\008_0009.jpg,1442665934601062144
dataset\data1\008.bathtub\008_0010.jpg,2306972379940924928
dataset\data1\008.bathtub\008_0011.jpg,288301947524748096
dataset\data1\008.bathtub\008_0012.jpg,9714468619
dataset\data1\008.bathtub\008_0013.jpg,17303045
dataset\data1\008.bathtub\008_0014.jpg,1117782294785
dataset\data1\008.bathtub\008_0015.jpg,144678316958766816
dataset\data1\008.bathtub\008_0016.jpg,4107286468272130048
dataset\data1\008.bathtub\008_0017.jpg,2267776548865
dataset\data1\008.bathtub\008_0018.jpg,1099528405251
dataset\data1\008.bathtub\008_0019.jpg,994177184338166144
dataset\data1\008.bathtub\008_0020.jpg,281475027091327
dataset\data1\008.bathtub\008_0021.jpg,612507248966976384
dataset\data1\008.bathtub\008_0022.jpg,16248988950272409600
dataset\data1\008.bathtub\008_0023.jpg,72057594385803840
dataset\data1\008.bathtub\008_0024.jpg,65541
dataset\data1\008.bathtub\008_0025.jpg,884760437000443904
dataset\data1\008.bathtub\008_0026.jpg,288797737055196224
dataset\data1\008.bathtub\008_0027.jpg,17734324823
dataset\data1\008.bathtub\008_0028.jpg,72410540156395136
dataset\data1\008.bathtub\008_0029.jpg,168894960148477056
dataset\data1\008.bathtub\008_0030.jpg,577621974063284992
dataset\data1\008.bathtub\008_0031.jpg,13910547367490748416
dataset\data1\008.bathtub\008_0032.jpg,2841699671875081
dataset\data1\008.bathtub\008_0033.jpg,11244999345974280192
dataset\data1\008.bathtub\008_0034.jpg,217017216044110208
dataset\data1\008.bathtub\008_0035.jpg,5631167077692481
dataset\data1\008.bathtub\008_0036.jpg,1125908564938095
dataset\data1\008.bathtub\008_0037.jpg,10970910568567078912
dataset\data1\008.bathtub\008_0038.jpg,4616845408298429440
dataset\data1\008.bathtub\008_0039.jpg,18018835244471188
dataset\data1\008.bathtub\008_0040.jpg,216172795201258048
dataset\data1\008.bathtub\008_0041.jpg,1135112678820371
dataset\data1\008.bathtub\008_0042.jpg,7158933704867089408
dataset\data1\008.bathtub\008_0043.jpg,1197379455551011
dataset\data1\008.bathtub\008_0044.jpg,68769893387
dataset\data1\008.bathtub\008_0045.jpg,285048423461181
dataset\data1\008.bathtub\008_0046.jpg,1153273369803884032
dataset\data1\008.bathtub\008_0047.jpg,12177807440223043584
dataset\data1\008.bathtub\008_0048.jpg,39076300311
dataset\data1\008.bathtub\008_0049.jpg,144399488460720128
dataset\data1\008.bathtub\008_0050.jpg,294674250140117
dataset\data1\008.bathtub\008_0051.jpg,9046783820908292
dataset\data1\008.bathtub\008_0052.jpg,216173911866704128
dataset\data1\008.bathtub\008_0053.jpg,916488345076124032
dataset\data1\008.bathtub\008_0054.jpg,36064022229159232
dataset\data1\008.bathtub\008_0055.jpg,720756342096700288
dataset\data1\008.bathtub\008_0056.jpg,298367878058018368
dataset\data1\008.bathtub\008_0057.jpg,13936976187193579520
dataset\data1\008.bathtub\008_0058.jpg,1
dataset\data1\008.bathtub\008_0059.jpg,553649423
dataset\data1\008.bathtub\008_0060.jpg,577033611123885824
dataset\data1\008.bathtub\008_0061.jpg,866969385384890624
dataset\data1\008.bathtub\008_0062.jpg,252202770691811840
dataset\data1\008.bathtub\008_0063.jpg,577305177267897216
dataset\data1\008.bathtub\008_0064.jpg,297519054711966784
dataset\data1\008.bathtub\008_0065.jpg,220693976639735552
dataset\data1\008.bathtub\008_0066.jpg,882723272460879232
dataset\data1\008.bathtub\008_0067.jpg,4504701580168265
dataset\data1\008.bathtub\008_0068.jpg,567520069747525
dataset\data1\008.bathtub\008_0069.jpg,13981447249902759936
dataset\data1\008.bathtub\008_0070.jpg,281474976710657
dataset\data1\008.bathtub\008_0071.jpg,1153203065550668544
dataset\data1\008.bathtub\008_0072.jpg,865113590716489216
dataset\data1\008.bathtub\008_0073.jpg,1108185633829
dataset\data1\008.bathtub\008_0074.jpg,69633
dataset\data1\008.bathtub\008_0075.jpg,5629778708408641
dataset\data1\008.bathtub\008_0076.jpg,18708961427723
dataset\data1\008.bathtub\008_0077.jpg,281474977105025
dataset\data1\008.bathtub\008_0078.jpg,1108118409919
dataset\data1\008.bathtub\008_0079.jpg,16717647784448206848
dataset\data1\008.bathtub\008_0080.jpg,6799386368950669
dataset\data1\008.bathtub\008_0081.jpg,13908248146349598720
dataset\data1\008.bathtub\008_0082.jpg,282578800148821
dataset\data1\008.bathtub\008_0083.jpg,65567
dataset\data1\008.bathtub\008_0084.jpg,2286988635146571
dataset\data1\008.bathtub\008_0085.jpg,150977253185949856
dataset\data1\008.bathtub\008_0086.jpg,72063117369016832
dataset\data1\008.bathtub\008_0087.jpg,9799851486308995072
dataset\data1\008.bathtub\008_0088.jpg,1173541900310087680
dataset\data1\008.bathtub\008_0089.jpg,34360804613
dataset\data1\008.bathtub\008_0090.jpg,864736761163286272
dataset\data1\008.bathtub\008_0091.jpg,2598578239241392640
dataset\data1\008.bathtub\008_0092.jpg,219550576594256128
dataset\data1\008.bathtub\008_0093.jpg,4125334899764823552
dataset\data1\008.bathtub\008_0094.jpg,2180022067022156800
dataset\data1\008.bathtub\008_0095.jpg,144412679053771168
dataset\data1\008.bathtub\008_0096.jpg,289358481796964608
dataset\data1\008.bathtub\008_0097.jpg,14158257866788984832
dataset\data1\008.bathtub\008_0098.jpg,144070488032707
dataset\data1\008.bathtub\008_0099.jpg,72348967038091520
dataset\data1\008.bathtub\008_0100.jpg,16243394884630769664
dataset\data1\008.bathtub\008_0101.jpg,649403557375706880
dataset\data1\008.bathtub\008_0102.jpg,1730511470318452992
dataset\data1\008.bathtub\008_0103.jpg,586030970809133312
dataset\data1\008.bathtub\008_0104.jpg,936755648456568960
dataset\data1\008.bathtub\008_0105.jpg,76609855663964512
dataset\data1\008.bathtub\008_0106.jpg,5192932773644733440
dataset\data1\008.bathtub\008_0107.jpg,25623588610703760
dataset\data1\008.bathtub\008_0108.jpg,18719264035416352
dataset\data1\008.bathtub\008_0109.jpg,577346421071391616
dataset\data1\008.bathtub\008_0110.jpg,576461061592598912
dataset\data1\008.bathtub\008_0111.jpg,5505651181076891648
dataset\data1\008.bathtub\008_0112.jpg,1307174232891655168
dataset\data1\008.bathtub\008_0113.jpg,72268700539031296
dataset\data1\008.bathtub\008_0114.jpg,72340254481320960
dataset\data1\008.bathtub\008_0115.jpg,1153203134219485440
dataset\data1\008.bathtub\008_0116.jpg,34363441409
dataset\data1\008.bathtub\008_0117.jpg,1263263132905220352
dataset\data1\008.bathtub\008_0118.jpg,27373441519660308
dataset\data1\008.bathtub\008_0119.jpg,144119736591024480
dataset\data1\008.bathtub\008_0120.jpg,2455239323847898624
dataset\data1\008.bathtub\008_0121.jpg,6931057661819226112
dataset\data1\008.bathtub\008_0122.jpg,72058698182230272
dataset\data1\008.bathtub\008_0123.jpg,9446301318877593600
dataset\data1\008.bathtub\008_0124.jpg,67109891
dataset\data1\008.bathtub\008_0125.jpg,1271585499718419
dataset\data1\008.bathtub\008_0126.jpg,14488106840518371328
dataset\data1\008.bathtub\008_0127.jpg,288511855445672192
dataset\data1\008.bathtub\008_0128.jpg,64769
dataset\data1\008.bathtub\008_0129.jpg,1525607856567241216
dataset\data1\008.bathtub\008_0130.jpg,12106169483405234176
dataset\data1\008.bathtub\008_0131.jpg,82190701923931568
dataset\data1\008.bathtub\008_0132.jpg,285878946038493
dataset\data1\008.bathtub\008_0133.jpg,7080256774437865472
dataset\data1\008.bathtub\008_0134.jpg,6233388808833208320
dataset\data1\008.bathtub\008_0135.jpg,50495241
dataset\data1\008.bathtub\008_0136.jpg,311417728131550016
dataset\data1\008.bathtub\008_0137.jpg,11944179741680338944
dataset\data1\008.bathtub\008_0138.jpg,604045919155663616
dataset\data1\008.bathtub\008_0139.jpg,2220581978115
dataset\data1\008.bathtub\008_0140.jpg,4475366277377
dataset\data1\008.bathtub\008_0141.jpg,144115188092766560
dataset\data1\008.bathtub\008_0142.jpg,1772298447500756736
dataset\data1\008.bathtub\008_0143.jpg,9299935911317979136
dataset\data1\008.bathtub\008_0144.jpg,216172799294312192
dataset\data1\008.bathtub\008_0145.jpg,649496207420294016
dataset\data1\008.bathtub\008_0146.jpg,12094831919125
dataset\data1\008.bathtub\008_0147.jpg,131905
dataset\data1\008.bathtub\008_0148.jpg,4785078970419461
dataset\data1\008.bathtub\008_0149.jpg,576478346941089792
dataset\data1\008.bathtub\008_0150.jpg,18696546619433
dataset\data1\008.bathtub\008_0151.jpg,1171509573410662400
dataset\data1\008.bathtub\008_0152.jpg,144115192907892224
dataset\data1\008.bathtub\008_0153.jpg,9659107152696881152
dataset\data1\008.bathtub\008_0154.jpg,73184052870517776
dataset\data1\008.bathtub\008_0155.jpg,73184593473176848
dataset\data1\008.bathtub\008_0156.jpg,579066633793374464
dataset\data1\008.bathtub\008_0157.jpg,17196672291
dataset\data1\008.bathtub\008_0158.jpg,27303864944820740
dataset\data1\008.bathtub\008_0159.jpg,865007788899340672
dataset\data1\008.bathtub\008_0160.jpg,288249287705368320
dataset\data1\008.bathtub\008_0161.jpg,1108355719537
dataset\data1\008.bathtub\008_0162.jpg,146394480529900800
dataset\data1\008.bathtub\008_0163.jpg,1441152096113595392
dataset\data1\008.bathtub\008_0164.jpg,335610717
dataset\data1\008.bathtub\008_0165.jpg,1153202984953121024
dataset\data1\008.bathtub\008_0166.jpg,459714667847812416
dataset\data1\008.bathtub\008_0167.jpg,451246188727108032
dataset\data1\008.bathtub\008_0168.jpg,324545050539790400
dataset\data1\008.bathtub\008_0169.jpg,253342954017794304
dataset\data1\008.bathtub\008_0170.jpg,1125934412873729
dataset\data1\008.bathtub\008_0171.jpg,657808399626667008
dataset\data1\008.bathtub\008_0172.jpg,2450531611197850624
dataset\data1\008.bathtub\008_0173.jpg,289077171946144064
dataset\data1\008.bathtub\008_0174.jpg,281475110994517
dataset\data1\008.bathtub\008_0175.jpg,5189013878188673024
dataset\data1\008.bathtub\008_0176.jpg,140740983392771
dataset\data1\008.bathtub\008_0177.jpg,577490230747349248
dataset\data1\008.bathtub\008_0178.jpg,8796110333707
dataset\data1\008.bathtub\008_0179.jpg,2533292240217451
dataset\data1\008.bathtub\008_0180.jpg,3350097233191
dataset\data1\008.bathtub\008_0181.jpg,2963651308212759552
dataset\data1\008.bathtub\008_0182.jpg,432733795012249664
dataset\data1\008.bathtub\008_0183.jpg,1143544203151373
dataset\data1\008.bathtub\008_0184.jpg,615032793034354944
dataset\data1\008.bathtub\008_0185.jpg,1155472389052433408
dataset\data1\008.bathtub\008_0186.jpg,144115462970573056
dataset\data1\008.bathtub\008_0187.jpg,81358953609512464
dataset\data1\008.bathtub\008_0188.jpg,1731079980331876864
dataset\data1\008.bathtub\008_0189.jpg,10521053121735297024
dataset\data1\008.bathtub\008_0190.jpg,2324426980719675392
dataset\data1\008.bathtub\008_0191.jpg,72340173045711248
dataset\data1\008.bathtub\008_0192.jpg,2101505
dataset\data1\008.bathtub\008_0193.jpg,76562294317797696
dataset\data1\008.bathtub\008_0194.jpg,1426676215252577
dataset\data1\008.bathtub\008_0195.jpg,19932960409089
dataset\data1\008.bathtub\008_0196.jpg,2346949455619642368
dataset\data1\008.bathtub\008_0197.jpg,281509370331907
dataset\data1\008.bathtub\008_0198.jpg,576461302076540416
dataset\data1\008.bathtub\008_0199.jpg,288230393342083648
dataset\data1\008.bathtub\008_0200.jpg,282574488404053
dataset\data1\008.bathtub\008_0201.jpg,216191482469591328
dataset\data1\008.bathtub\008_0202.jpg,288230380469027584
dataset\data1\008.bathtub\008_0203.jpg,4398114276097
dataset\data1\008.bathtub\008_0204.jpg,1155472960369626368
dataset\data1\008.bathtub\008_0205.jpg,1128098948062037
dataset\data1\008.bathtub\008_0206.jpg,714953043014348800
dataset\data1\008.bathtub\008_0207.jpg,6830624812183907328
dataset\data1\008.bathtub\008_0208.jpg,216178279825884000
dataset\data1\008.bathtub\008_0209.jpg,7073695967078909952
dataset\data1\008.bathtub\008_0210.jpg,4882918100810032128
dataset\data1\008.bathtub\008_0211.jpg,11529781294565580800
dataset\data1\008.bathtub\008_0212.jpg,4684206786039021568
dataset\data1\008.bathtub\008_0213.jpg,882994049986380288
dataset\data1\008.bathtub\008_0214.jpg,585662575875720704
dataset\data1\008.bathtub\008_0215.jpg,1206440267392001
dataset\data1\008.bathtub\008_0216.jpg,870905656765191936
dataset\data1\008.bathtub\008_0217.jpg,576742399138070784
dataset\data1\008.bathtub\008_0218.jpg,257
dataset\data1\008.bathtub\008_0219.jpg,288230445085249792
dataset\data1\008.bathtub\008_0220.jpg,9899916460629
dataset\data1\008.bathtub\008_0221.jpg,18249641973827518464
dataset\data1\008.bathtub\008_0222.jpg,17592203969043
dataset\data1\008.bathtub\008_0223.jpg,1411799879910145
dataset\data1\008.bathtub\008_0224.jpg,321061725143387
dataset\data1\008.bathtub\008_0225.jpg,2594364521271336960
dataset\data1\008.bathtub\008_0226.jpg,2120782362725718016
dataset\data1\008.bathtub\008_0227.jpg,9
dataset\data1\008.bathtub\008_0228.jpg,7530555390377997
dataset\data1\008.bathtub\008_0229.jpg,16844351306012694528
dataset\data1\008.bathtub\008_0230.jpg,3278681007503266816
dataset\data1\008.bathtub\008_0231.jpg,648804270904574976
dataset\data1\008.bathtub\008_0232.jpg,10144094815126864
dataset\data1\009.bear\009_0001.jpg,4684090036277227520
dataset\data1\009.bear\009_0002.jpg,299226605246153600
dataset\data1\009.bear\009_0003.jpg,2414778249499467776
dataset\data1\009.bear\009_0004.jpg,324547258202810624
dataset\data1\009.bear\009_0005.jpg,35218732024105
dataset\data1\009.bear\009_0006.jpg,2161738704754401280
dataset\data1\009.bear\009_0007.jpg,2922299744531269120
dataset\data1\009.bear\009_0008.jpg,578831927516189056
dataset\data1\009.bear\009_0009.jpg,9516207922995273728
dataset\data1\009.bear\009_0010.jpg,171421611265173664
dataset\data1\009.bear\009_0011.jpg,299212390596893
dataset\data1\009.bear\009_0012.jpg,579152777953380608
dataset\data1\009.bear\009_0013.jpg,11356191653199220736
dataset\data1\009.bear\009_0014.jpg,4900509169798063104
dataset\data1\009.bear\009_0015.jpg,1134022485533
dataset\data1\009.bear\009_0016.jpg,9531356865137942528
dataset\data1\009.bear\009_0017.jpg,4617350951500614656
dataset\data1\009.bear\009_0018.jpg,289088034617660224
dataset\data1\009.bear\009_0019.jpg,576461383932773248
dataset\data1\009.bear\009_0020.jpg,11539801295566346240
dataset\data1\009.bear\009_0021.jpg,1801458002845934848
dataset\data1\009.bear\009_0022.jpg,2396730852748577280
dataset\data1\009.bear\009_0023.jpg,582090252659921280
dataset\data1\009.bear\009_0024.jpg,282626567308825
dataset\data1\009.bear\009_0025.jpg,3515658938633884160
dataset\data1\009.bear\009_0026.jpg,81567859347653648
dataset\data1\009.bear\009_0027.jpg,442074163369837632
dataset\data1\009.bear\009_0028.jpg,12168732921606748160
dataset\data1\009.bear\009_0029.jpg,4935954043838201856
dataset\data1\009.bear\009_0030.jpg,2955492333345412608
dataset\data1\009.bear\009_0031.jpg,8951072813852409856
dataset\data1\009.bear\009_0032.jpg,147530323175936288
dataset\data1\009.bear\009_0033.jpg,1171364924724023040
dataset\data1\009.bear\009_0034.jpg,281616987783511
dataset\data1\009.bear\009_0035.jpg,37417755250961
dataset\data1\009.bear\009_0036.jpg,282581035846045
dataset\data1\009.bear\009_0037.jpg,4295032855
dataset\data1\009.bear\009_0038.jpg,761603960326079360
dataset\data1\009.bear\009_0039.jpg,82210626256187424
dataset\data1\009.bear\009_0040.jpg,13836573474876360704
dataset\data1\009.bear\009_0041.jpg,580546501612053
dataset\data1\009.bear\009_0042.jpg,948449835412040960
dataset\data1\009.bear\009_0043.jpg,22750282901432592
dataset\data1\009.bear\009_0044.jpg,286152432054541
dataset\data1\009.bear\009_0045.jpg,281479808844125
dataset\data1\009.bear\009_0046.jpg,3756329071694518784
dataset\data1\009.bear\009_0047.jpg,324401147636093248
dataset\data1\009.bear\009_0048.jpg,2600997017175468032
dataset\data1\009.bear\009_0049.jpg,112748672724839744
dataset\data1\009.bear\009_0050.jpg,72057927032309472
dataset\data1\009.bear\009_0051.jpg,285877368594693
dataset\data1\009.bear\009_0052.jpg,72339073583874320
dataset\data1\009.bear\009_0053.jpg,2305843017803694592
dataset\data1\009.bear\009_0054.jpg,2325863802702842368
dataset\data1\009.bear\009_0055.jpg,12772373612809099264
dataset\data1\009.bear\009_0056.jpg,90299607562627
dataset\data1\009.bear\009_0057.jpg,308501251761582400
dataset\data1\009.bear\009_0058.jpg,7291693400777172992
dataset\data1\009.bear\009_0059.jpg,867013443193275008
dataset\data1\009.bear\009_0060.jpg,144187266288847616
dataset\data1\009.bear\009_0061.jpg,594659882020446976
dataset\data1\009.bear\009_0062.jpg,288343237594307392
dataset\data1\009.bear\009_0063.jpg,7080164602237759488
dataset\data1\009.bear\009_0064.jpg,9704144734255278080
dataset\data1\009.bear\009_0065.jpg,2450527933565042688
dataset\data1\009.bear\009_0066.jpg,292209580788678912
dataset\data1\009.bear\009_0067.jpg,145251262827399168
dataset\data1\009.bear\009_0068.jpg,223772745402452256
dataset\data1\009.bear\009_0069.jpg,1158184120072022016
dataset\data1\009.bear\009_0070.jpg,4714595213
dataset\data1\009.bear\009_0071.jpg,1180299619754836224
dataset\data1\009.bear\009_0072.jpg,649081335285221632
dataset\data1\009.bear\009_0073.jpg,2823719072506653
dataset\data1\009.bear\009_0074.jpg,72061992621604976
dataset\data1\009.bear\009_0075.jpg,562967288680755
dataset\data1\009.bear\009_0076.jpg,261247598475610368
dataset\data1\009.bear\009_0077.jpg,72076298889143328
dataset\data1\009.bear\009_0078.jpg,279173005717
dataset\data1\009.bear\009_0079.jpg,6597340496141
dataset\data1\009.bear\009_0080.jpg,1173227298539940096
dataset\data1\009.bear\009_0081.jpg,4509275728709887
dataset\data1\009.bear\009_0082.jpg,9225985589215690752
dataset\data1\009.bear\009_0083.jpg,293578555539431488
dataset\data1\009.bear\009_0084.jpg,973553994526937600
dataset\data1\009.bear\009_0085.jpg,9368616449755168768
dataset\data1\009.bear\009_0086.jpg,17600914463051
dataset\data1\009.bear\009_0087.jpg,165524879700591392
dataset\data1\009.bear\009_0088.jpg,14493181743902904320
dataset\data1\009.bear\009_0089.jpg,9655745156632025088
dataset\data1\009.bear\009_0090.jpg,307936438780407
dataset\data1\009.bear\009_0091.jpg,144396680770945280
dataset\data1\009.bear\009_0092.jpg,12714390271763992576
dataset\data1\009.bear\009_0093.jpg,1731679313084882944
dataset\data1\009.bear\009_0094.jpg,2452562955577929728
dataset\data1\009.bear\009_0095.jpg,864700087758029824
dataset\data1\009.bear\009_0096.jpg,1586503352836757760
dataset\data1\009.bear\009_0097.jpg,65537
dataset\data1\009.bear\009_0098.jpg,72092795792327184
dataset\data1\009.bear\009_0099.jpg,1297888316182655232
dataset\data1\009.bear\009_0100.jpg,36453222135418240
dataset\data1\009.bear\009_0101.jpg,145241225523953760
dataset\data1\009.bear\009_0102.jpg,1760204185724490752
dataset\data1\010.beer-mug\010_0001.jpg,15020252651024697344
dataset\data1\010.beer-mug\010_0002.jpg,288230376286007552
dataset\data1\010.beer-mug\010_0003.jpg,1441433360215376128
dataset\data1\010.beer-mug\010_0004.jpg,4295164285
dataset\data1\010.beer-mug\010_0005.jpg,72340182824987328
dataset\data1\010.beer-mug\010_0006.jpg,240474283070169984
dataset\data1\010.beer-mug\010_0007.jpg,65541
dataset\data1\010.beer-mug\010_0008.jpg,4294967397
dataset\data1\010.beer-mug\010_0009.jpg,164953572881272960
dataset\data1\010.beer-mug\010_0010.jpg,7824550763523615744
dataset\data1\010.beer-mug\010_0011.jpg,1411828764983387
dataset\data1\010.beer-mug\010_0012.jpg,65805
dataset\data1\010.beer-mug\010_0013.jpg,288230450311598400
dataset\data1\010.beer-mug\010_0014.jpg,1226801625088558592
dataset\data1\010.beer-mug\010_0015.jpg,4037160526902478336
dataset\data1\010.beer-mug\010_0016.jpg,5505975515244429312
dataset\data1\010.beer-mug\010_0017.jpg,1444040310858253056
dataset\data1\010.beer-mug\010_0018.jpg,285890219933765
dataset\data1\010.beer-mug\010_0019.jpg,294673419665421
dataset\data1\010.beer-mug\010_0020.jpg,3452758788682023
dataset\data1\010.beer-mug\010_0021.jpg,3541722136914476032
dataset\data1\010.beer-mug\010_0022.jpg,17302274919246624768
dataset\data1\010.beer-mug\010_0023.jpg,17170439
dataset\data1\010.beer-mug\010_0024.jpg,17576543113041874944
dataset\data1\010.beer-mug\010_0025.jpg,3462354437609108480
dataset\data1\010.beer-mug\010_0026.jpg,17196711957
dataset\data1\010.beer-mug\010_0027.jpg,1729673640648712448
dataset\data1\010.beer-mug\010_0028.jpg,986274882191533
dataset\data1\010.beer-mug\010_0029.jpg,2826092891904383488
dataset\data1\010.beer-mug\010_0030.jpg,4297654599
dataset\data1\010.beer-mug\010_0031.jpg,7505534186403151872
dataset\data1\010.beer-mug\010_0032.jpg,1114373
dataset\data1\010.beer-mug\010_0033.jpg,577094655133549952
dataset\data1\010.beer-mug\010_0034.jpg,581263470634402048
dataset\data1\010.beer-mug\010_0035.jpg,4295164165
dataset\data1\010.beer-mug\010_0036.jpg,3201095873827458048
dataset\data1\010.beer-mug\010_0037.jpg,5960318200640762880
dataset\data1\010.beer-mug\010_0038.jpg,68719542529
dataset\data1\010.beer-mug\010_0039.jpg,72339086194573312
dataset\data1\010.beer-mug\010_0040.jpg,4294967557
dataset\data1\010.beer-mug\010_0041.jpg,2306142081208295424
dataset\data1\010.beer-mug\010_0042.jpg,12816196640297062400
dataset\data1\010.beer-mug\010_0043.jpg,108826963694588160
dataset\data1\010.beer-mug\010_0044.jpg,10197863644721491968
dataset\data1\010.beer-mug\010_0045.jpg,9927761339744663552
dataset\data1\010.beer-mug\010_0046.jpg,9007229420196112
dataset\data1\010.beer-mug\010_0047.jpg,865254366491771264
dataset\data1\010.beer-mug\010_0048.jpg,281474976710693
dataset\data1\010.beer-mug\010_0049.jpg,281492157169671
dataset\data1\010.beer-mug\010_0050.jpg,1131466470719757
dataset\data1\010.beer-mug\010_0051.jpg,15580392948184672256
dataset\data1\010.beer-mug\010_0052.jpg,4400263274757
dataset\data1\010.beer-mug\010_0053.jpg,1339405610341510400
dataset\data1\010.beer-mug\010_0054.jpg,7011174487953906688
dataset\data1\010.beer-mug\010_0055.jpg,4415243224069
dataset\data1\010.beer-mug\010_0056.jpg,2765963139331
dataset\data1\010.beer-mug\010_0057.jpg,34900871969
dataset\data1\010.beer-mug\010_0058.jpg,3767887225932924416
dataset\data1\010.beer-mug\010_0059.jpg,2255115528636673
dataset\data1\010.beer-mug\010_0060.jpg,9478506156106584064
dataset\data1\010.beer-mug\010_0061.jpg,282574488405269
dataset\data1\010.beer-mug\010_0062.jpg,576743408597537280
dataset\data1\010.beer-mug\010_0063.jpg,1750178020777019648
dataset\data1\010.beer-mug\010_0064.jpg,288231010213232640
dataset\data1\010.beer-mug\010_0065.jpg,72061992084504576
dataset\data1\010.beer-mug\010_0066.jpg,13915106093123295232
dataset\data1\010.beer-mug\010_0067.jpg,4311744581
dataset\data1\010.beer-mug\010_0068.jpg,72058698399286544
dataset\data1\010.beer-mug\010_0069.jpg,261
dataset\data1\010.beer-mug\010_0070.jpg,1229491532029049088
dataset\data1\010.beer-mug\010_0071.jpg,74590886075370048
dataset\data1\010.beer-mug\010_0072.jpg,1441433368645403136
dataset\data1\010.beer-mug\010_0073.jpg,2450522247297051648
dataset\data1\010.beer-mug\010_0074.jpg,38654903101
dataset\data1\010.beer-mug\010_0075.jpg,590256669223567616
dataset\data1\010.beer-mug\010_0076.jpg,489902853439619904
dataset\data1\010.beer-mug\010_0077.jpg,18014450083242304
dataset\data1\010.beer-mug\010_0078.jpg,2233794871208335360
dataset\data1\010.beer-mug\010_0079.jpg,281479271809037
dataset\data1\010.beer-mug\010_0080.jpg,13555536449308596224
dataset\data1\010.beer-mug\010_0081.jpg,282574891065383
dataset\data1\010.beer-mug\010_0082.jpg,8834747794301
dataset\data1\010.beer-mug\010_0083.jpg,4611690691370958848
dataset\data1\010.beer-mug\010_0084.jpg,413429277329479
dataset\data1\010.beer-mug\010_0085.jpg,7000296191958110208
dataset\data1\010.beer-mug\010_0086.jpg,13335949017933
dataset\data1\010.beer-mug\010_0087.jpg,6601516318791
dataset\data1\010.beer-mug\010_0088.jpg,2603261042050374144
dataset\data1\010.beer-mug\010_0089.jpg,2598587192538697216
dataset\data1\010.beer-mug\010_0090.jpg,1730508156901524992
dataset\data1\010.beer-mug\010_0091.jpg,38654771493
dataset\data1\010.beer-mug\010_0092.jpg,11084318883667417088
dataset\data1\010.beer-mug\010_0093.jpg,1152923703730766336
dataset\data1\010.beer-mug\010_0094.jpg,2533691679123719
